country,alpha2,alpha3,numeric,latitude,longitude,totalPopulation,totalBands,bandsPerCapita,bandsPer1000People,bandsPer10kPeople,bandsPer100kPeople,bandsPer1kPeople,_geojson
Albania,AL,ALB,8,41,20,3088385,12,3.89E-06,0.003885526,0.038855259,0.388552593,0.003885526,"{""type"":""Feature"",""properties"": {""ADMIN"": country['country'],""ISO_A3"": country['alpha3']},""geometry"": {""type"": ""MultiPolygon"",""coordinates"": []}}"
Algeria,DZ,DZA,12,28,3,43576691,30,6.88E-07,0.000688441,0.006884414,0.068844144,0.000688441,"{""type"":""Feature"",""properties"": {""ADMIN"": country['country'],""ISO_A3"": country['alpha3']},""geometry"": {""type"": ""MultiPolygon"",""coordinates"": []}}"
American Samoa,AS,ASM,16,-14.3333,-170,46366,0,0,0,0,0,{},"{""type"":""Feature"",""properties"": {""ADMIN"": country['country'],""ISO_A3"": country['alpha3']},""geometry"": {""type"": ""MultiPolygon"",""coordinates"": []}}"
Andorra,AD,AND,20,42.5,1.6,85645,5,5.84E-05,0.058380524,0.583805243,5.838052426,0.058380524,"{""type"":""Feature"",""properties"": {""ADMIN"": country['country'],""ISO_A3"": country['alpha3']},""geometry"": {""type"": ""MultiPolygon"",""coordinates"": []}}"
Angola,AO,AGO,24,-12.5,18.5,33642646,8,2.38E-07,0.000237793,0.002377934,0.023779342,0.000237793,"{""type"":""Feature"",""properties"": {""ADMIN"": country['country'],""ISO_A3"": country['alpha3']},""geometry"": {""type"": ""MultiPolygon"",""coordinates"": []}}"
Anguilla,AI,AIA,660,18.25,-63.1667,18403,0,0,0,0,0,{},"{""type"":""Feature"",""properties"": {""ADMIN"": country['country'],""ISO_A3"": country['alpha3']},""geometry"": {""type"": ""MultiPolygon"",""coordinates"": []}}"
Antarctica,AQ,ATA,10,-90,0,0,0,0,0,0,0,{},"{""type"":""Feature"",""properties"": {""ADMIN"": country['country'],""ISO_A3"": country['alpha3']},""geometry"": {""type"": ""MultiPolygon"",""coordinates"": []}}"
Antigua and Barbuda,AG,ATG,28,17.05,-61.8,99175,0,0,0,0,0,{},"{""type"":""Feature"",""properties"": {""ADMIN"": country['country'],""ISO_A3"": country['alpha3']},""geometry"": {""type"": ""MultiPolygon"",""coordinates"": []}}"
Argentina,AR,ARG,32,-34,-64,45864941,2943,6.42E-05,0.064166658,0.641666584,6.416665836,0.064166658,"{""type"":""Feature"",""properties"": {""ADMIN"": country['country'],""ISO_A3"": country['alpha3']},""geometry"": {""type"": ""MultiPolygon"",""coordinates"": []}}"
Armenia,AM,ARM,51,40,45,3011609,31,1.03E-05,0.010293501,0.102935009,1.029350092,0.010293501,"{""type"":""Feature"",""properties"": {""ADMIN"": country['country'],""ISO_A3"": country['alpha3']},""geometry"": {""type"": ""MultiPolygon"",""coordinates"": []}}"
Aruba,AW,ABW,533,12.5,-69.9667,120917,1,8.27E-06,0.008270136,0.082701357,0.827013571,0.008270136,"{""type"":""Feature"",""properties"": {""ADMIN"": country['country'],""ISO_A3"": country['alpha3']},""geometry"": {""type"": ""MultiPolygon"",""coordinates"": []}}"
Australia,AU,AUS,36,-27,133,25809973,3166,0.000122666,0.122665762,1.226657618,12.26657618,0.122665762,"{""type"":""Feature"",""properties"": {""ADMIN"": country['country'],""ISO_A3"": country['alpha3']},""geometry"": {""type"": ""MultiPolygon"",""coordinates"": []}}"
Austria,AT,AUT,40,47.3333,13.3333,8884864,1414,0.000159147,0.159147062,1.591470618,15.91470618,0.159147062,"{""type"":""Feature"",""properties"": {""ADMIN"": country['country'],""ISO_A3"": country['alpha3']},""geometry"": {""type"": ""MultiPolygon"",""coordinates"": []}}"
Azerbaijan,AZ,AZE,31,40.5,47.5,10282283,14,1.36E-06,0.001361565,0.013615653,0.136156533,0.001361565,"{""type"":""Feature"",""properties"": {""ADMIN"": country['country'],""ISO_A3"": country['alpha3']},""geometry"": {""type"": ""MultiPolygon"",""coordinates"": []}}"
Åland Islands,AX,ALA,248,60.1785,19.9156,0,0,0,0,0,0,{},"{""type"":""Feature"",""properties"": {""ADMIN"": country['country'],""ISO_A3"": country['alpha3']},""geometry"": {""type"": ""MultiPolygon"",""coordinates"": []}}"
Bahamas,BS,BHS,44,24.25,-76,352655,0,0,0,0,0,{},"{""type"":""Feature"",""properties"": {""ADMIN"": country['country'],""ISO_A3"": country['alpha3']},""geometry"": {""type"": ""MultiPolygon"",""coordinates"": []}}"
Bahrain,BH,BHR,48,26,50.55,1526929,14,9.17E-06,0.00916873,0.091687302,0.916873018,0.00916873,"{""type"":""Feature"",""properties"": {""ADMIN"": country['country'],""ISO_A3"": country['alpha3']},""geometry"": {""type"": ""MultiPolygon"",""coordinates"": []}}"
Bangladesh,BD,BGD,50,24,90,164098818,82,5.00E-07,0.000499699,0.004996989,0.049969891,0.000499699,"{""type"":""Feature"",""properties"": {""ADMIN"": country['country'],""ISO_A3"": country['alpha3']},""geometry"": {""type"": ""MultiPolygon"",""coordinates"": []}}"
Barbados,BB,BRB,52,13.1667,-59.5333,301865,4,1.33E-05,0.013250957,0.132509566,1.325095655,0.013250957,"{""type"":""Feature"",""properties"": {""ADMIN"": country['country'],""ISO_A3"": country['alpha3']},""geometry"": {""type"": ""MultiPolygon"",""coordinates"": []}}"
Belarus,BY,BLR,112,53,28,9441842,469,4.97E-05,0.049672511,0.496725109,4.967251094,0.049672511,"{""type"":""Feature"",""properties"": {""ADMIN"": country['country'],""ISO_A3"": country['alpha3']},""geometry"": {""type"": ""MultiPolygon"",""coordinates"": []}}"
Belgium,BE,BEL,56,50.8333,4,11778842,1470,0.0001248,0.124800044,1.24800044,12.4800044,0.124800044,"{""type"":""Feature"",""properties"": {""ADMIN"": country['country'],""ISO_A3"": country['alpha3']},""geometry"": {""type"": ""MultiPolygon"",""coordinates"": []}}"
Belize,BZ,BLZ,84,17.25,-88.75,405633,5,1.23E-05,0.012326413,0.123264133,1.232641328,0.012326413,"{""type"":""Feature"",""properties"": {""ADMIN"": country['country'],""ISO_A3"": country['alpha3']},""geometry"": {""type"": ""MultiPolygon"",""coordinates"": []}}"
Benin,BJ,BEN,204,9.5,2.25,13301694,0,0,0,0,0,{},"{""type"":""Feature"",""properties"": {""ADMIN"": country['country'],""ISO_A3"": country['alpha3']},""geometry"": {""type"": ""MultiPolygon"",""coordinates"": []}}"
Bermuda,BM,BMU,60,32.3333,-64.75,72084,0,0,0,0,0,{},"{""type"":""Feature"",""properties"": {""ADMIN"": country['country'],""ISO_A3"": country['alpha3']},""geometry"": {""type"": ""MultiPolygon"",""coordinates"": []}}"
Bhutan,BT,BTN,64,27.5,90.5,859364,0,0,0,0,0,{},"{""type"":""Feature"",""properties"": {""ADMIN"": country['country'],""ISO_A3"": country['alpha3']},""geometry"": {""type"": ""MultiPolygon"",""coordinates"": []}}"
"Bolivia, Plurinational State of",BO,BOL,68,-17,-65,11917267,342,2.87E-05,0.028697855,0.28697855,2.869785497,0.028697855,"{""type"":""Feature"",""properties"": {""ADMIN"": country['country'],""ISO_A3"": country['alpha3']},""geometry"": {""type"": ""MultiPolygon"",""coordinates"": []}}"
Bosnia and Herzegovina,BA,BIH,70,44,18,3824782,151,3.95E-05,0.039479374,0.394793742,3.947937425,0.039479374,"{""type"":""Feature"",""properties"": {""ADMIN"": country['country'],""ISO_A3"": country['alpha3']},""geometry"": {""type"": ""MultiPolygon"",""coordinates"": []}}"
Botswana,BW,BWA,72,-22,24,2350667,9,3.83E-06,0.003828701,0.038287005,0.382870053,0.003828701,"{""type"":""Feature"",""properties"": {""ADMIN"": country['country'],""ISO_A3"": country['alpha3']},""geometry"": {""type"": ""MultiPolygon"",""coordinates"": []}}"
Bouvet Island,BV,BVT,74,-54.4333,3.4,0,0,0,0,0,0,{},"{""type"":""Feature"",""properties"": {""ADMIN"": country['country'],""ISO_A3"": country['alpha3']},""geometry"": {""type"": ""MultiPolygon"",""coordinates"": []}}"
Brazil,BR,BRA,76,-10,-55,215903281,7140,3.31E-05,0.033070364,0.330703636,3.307036358,0.033070364,"{""type"":""Feature"",""properties"": {""ADMIN"": country['country'],""ISO_A3"": country['alpha3']},""geometry"": {""type"": ""MultiPolygon"",""coordinates"": []}}"
British Indian Ocean Territory,IO,IOT,86,-6,71.5,0,0,0,0,0,0,{},"{""type"":""Feature"",""properties"": {""ADMIN"": country['country'],""ISO_A3"": country['alpha3']},""geometry"": {""type"": ""MultiPolygon"",""coordinates"": []}}"
Brunei Darussalam,BN,BRN,96,4.5,114.6667,471103,24,5.09E-05,0.050944273,0.509442733,5.094427333,0.050944273,"{""type"":""Feature"",""properties"": {""ADMIN"": country['country'],""ISO_A3"": country['alpha3']},""geometry"": {""type"": ""MultiPolygon"",""coordinates"": []}}"
Bulgaria,BG,BGR,100,43,25,6919180,474,6.85E-05,0.068505227,0.685052275,6.85052275,0.068505227,"{""type"":""Feature"",""properties"": {""ADMIN"": country['country'],""ISO_A3"": country['alpha3']},""geometry"": {""type"": ""MultiPolygon"",""coordinates"": []}}"
Burkina Faso,BF,BFA,854,13,-2,21382659,0,0,0,0,0,{},"{""type"":""Feature"",""properties"": {""ADMIN"": country['country'],""ISO_A3"": country['alpha3']},""geometry"": {""type"": ""MultiPolygon"",""coordinates"": []}}"
Burundi,BI,BDI,108,-3.5,30,12241065,0,0,0,0,0,{},"{""type"":""Feature"",""properties"": {""ADMIN"": country['country'],""ISO_A3"": country['alpha3']},""geometry"": {""type"": ""MultiPolygon"",""coordinates"": []}}"
Cambodia,KH,KHM,116,13,105,16528811,4,2.42E-07,0.000242002,0.002420017,0.024200168,0.000242002,"{""type"":""Feature"",""properties"": {""ADMIN"": country['country'],""ISO_A3"": country['alpha3']},""geometry"": {""type"": ""MultiPolygon"",""coordinates"": []}}"
Cameroon,CM,CMR,120,6,12,28524175,0,0,0,0,0,{},"{""type"":""Feature"",""properties"": {""ADMIN"": country['country'],""ISO_A3"": country['alpha3']},""geometry"": {""type"": ""MultiPolygon"",""coordinates"": []}}"
Canada,CA,CAN,124,60,-95,37943231,5051,0.00013312,0.133119923,1.331199233,13.31199233,0.133119923,"{""type"":""Feature"",""properties"": {""ADMIN"": country['country'],""ISO_A3"": country['alpha3']},""geometry"": {""type"": ""MultiPolygon"",""coordinates"": []}}"
Cape Verde,CV,CPV,132,16,-24,589451,0,0,0,0,0,{},"{""type"":""Feature"",""properties"": {""ADMIN"": country['country'],""ISO_A3"": country['alpha3']},""geometry"": {""type"": ""MultiPolygon"",""coordinates"": []}}"
Cayman Islands,KY,CYM,136,19.5,-80.5,63131,0,0,0,0,0,{},"{""type"":""Feature"",""properties"": {""ADMIN"": country['country'],""ISO_A3"": country['alpha3']},""geometry"": {""type"": ""MultiPolygon"",""coordinates"": []}}"
Central African Republic,CF,CAF,140,7,21,5357984,0,0,0,0,0,{},"{""type"":""Feature"",""properties"": {""ADMIN"": country['country'],""ISO_A3"": country['alpha3']},""geometry"": {""type"": ""MultiPolygon"",""coordinates"": []}}"
Chad,TD,TCD,148,15,19,17414108,0,0,0,0,0,{},"{""type"":""Feature"",""properties"": {""ADMIN"": country['country'],""ISO_A3"": country['alpha3']},""geometry"": {""type"": ""MultiPolygon"",""coordinates"": []}}"
Chile,CL,CHL,152,-30,-71,18307925,2907,0.000158784,0.158783696,1.587836961,15.87836961,0.158783696,"{""type"":""Feature"",""properties"": {""ADMIN"": country['country'],""ISO_A3"": country['alpha3']},""geometry"": {""type"": ""MultiPolygon"",""coordinates"": []}}"
China,CN,CHN,156,35,105,1407098834,375,2.67E-07,0.000266506,0.002665058,0.02665058,0.000266506,"{""type"":""Feature"",""properties"": {""ADMIN"": country['country'],""ISO_A3"": country['alpha3']},""geometry"": {""type"": ""MultiPolygon"",""coordinates"": []}}"
Christmas Island,CX,CXR,162,-10.5,105.6667,0,0,0,0,0,0,{},"{""type"":""Feature"",""properties"": {""ADMIN"": country['country'],""ISO_A3"": country['alpha3']},""geometry"": {""type"": ""MultiPolygon"",""coordinates"": []}}"
Cocos (Keeling) Islands,CC,CCK,166,-12.5,96.8333,0,0,0,0,0,0,{},"{""type"":""Feature"",""properties"": {""ADMIN"": country['country'],""ISO_A3"": country['alpha3']},""geometry"": {""type"": ""MultiPolygon"",""coordinates"": []}}"
Colombia,CO,COL,170,4,-72,48757939,2009,4.12E-05,0.041203546,0.412035464,4.120354636,0.041203546,"{""type"":""Feature"",""properties"": {""ADMIN"": country['country'],""ISO_A3"": country['alpha3']},""geometry"": {""type"": ""MultiPolygon"",""coordinates"": []}}"
Comoros,KM,COM,174,-12.1667,44.25,864335,0,0,0,0,0,{},"{""type"":""Feature"",""properties"": {""ADMIN"": country['country'],""ISO_A3"": country['alpha3']},""geometry"": {""type"": ""MultiPolygon"",""coordinates"": []}}"
Congo,CG,COG,178,-1,15,5417414,0,0,0,0,0,{},"{""type"":""Feature"",""properties"": {""ADMIN"": country['country'],""ISO_A3"": country['alpha3']},""geometry"": {""type"": ""MultiPolygon"",""coordinates"": []}}"
"Congo, the Democratic Republic of the",CD,COD,180,0,25,105044646,0,0,0,0,0,{},"{""type"":""Feature"",""properties"": {""ADMIN"": country['country'],""ISO_A3"": country['alpha3']},""geometry"": {""type"": ""MultiPolygon"",""coordinates"": []}}"
Cook Islands,CK,COK,184,-21.2333,-159.7667,8327,0,0,0,0,0,{},"{""type"":""Feature"",""properties"": {""ADMIN"": country['country'],""ISO_A3"": country['alpha3']},""geometry"": {""type"": ""MultiPolygon"",""coordinates"": []}}"
Costa Rica,CR,CRI,188,10,-84,5151140,330,6.41E-05,0.064063489,0.640634889,6.406348886,0.064063489,"{""type"":""Feature"",""properties"": {""ADMIN"": country['country'],""ISO_A3"": country['alpha3']},""geometry"": {""type"": ""MultiPolygon"",""coordinates"": []}}"
Côte d'Ivoire,CI,CIV,384,8,-5,28088455,0,0,0,0,0,{},"{""type"":""Feature"",""properties"": {""ADMIN"": country['country'],""ISO_A3"": country['alpha3']},""geometry"": {""type"": ""MultiPolygon"",""coordinates"": []}}"
Croatia,HR,HRV,191,45.1667,15.5,4208973,525,0.000124734,0.124733516,1.247335158,12.47335158,0.124733516,"{""type"":""Feature"",""properties"": {""ADMIN"": country['country'],""ISO_A3"": country['alpha3']},""geometry"": {""type"": ""MultiPolygon"",""coordinates"": []}}"
Cuba,CU,CUB,192,21.5,-80,11032343,98,8.88E-06,0.008882973,0.088829725,0.888297255,0.008882973,"{""type"":""Feature"",""properties"": {""ADMIN"": country['country'],""ISO_A3"": country['alpha3']},""geometry"": {""type"": ""MultiPolygon"",""coordinates"": []}}"
Curaçao,CW,CUW,531,12.1696,68.99,151885,1,6.58E-06,0.006583929,0.065839286,0.658392863,0.006583929,"{""type"":""Feature"",""properties"": {""ADMIN"": country['country'],""ISO_A3"": country['alpha3']},""geometry"": {""type"": ""MultiPolygon"",""coordinates"": []}}"
Cyprus,CY,CYP,196,35,33,1281506,82,6.40E-05,0.063987215,0.63987215,6.398721504,0.063987215,"{""type"":""Feature"",""properties"": {""ADMIN"": country['country'],""ISO_A3"": country['alpha3']},""geometry"": {""type"": ""MultiPolygon"",""coordinates"": []}}"
Czech Republic,CZ,CZE,203,49.75,15.5,10702596,1648,0.000153981,0.153981333,1.539813331,15.39813331,0.153981333,"{""type"":""Feature"",""properties"": {""ADMIN"": country['country'],""ISO_A3"": country['alpha3']},""geometry"": {""type"": ""MultiPolygon"",""coordinates"": []}}"
Denmark,DK,DNK,208,56,10,5894687,1147,0.000194582,0.194582002,1.945820024,19.45820024,0.194582002,"{""type"":""Feature"",""properties"": {""ADMIN"": country['country'],""ISO_A3"": country['alpha3']},""geometry"": {""type"": ""MultiPolygon"",""coordinates"": []}}"
Djibouti,DJ,DJI,262,11.5,43,938413,0,0,0,0,0,{},"{""type"":""Feature"",""properties"": {""ADMIN"": country['country'],""ISO_A3"": country['alpha3']},""geometry"": {""type"": ""MultiPolygon"",""coordinates"": []}}"
Dominica,DM,DMA,212,15.4167,-61.3333,74584,0,0,0,0,0,{},"{""type"":""Feature"",""properties"": {""ADMIN"": country['country'],""ISO_A3"": country['alpha3']},""geometry"": {""type"": ""MultiPolygon"",""coordinates"": []}}"
Dominican Republic,DO,DOM,214,19,-70.6667,10597348,48,4.53E-06,0.004529435,0.045294351,0.45294351,0.004529435,"{""type"":""Feature"",""properties"": {""ADMIN"": country['country'],""ISO_A3"": country['alpha3']},""geometry"": {""type"": ""MultiPolygon"",""coordinates"": []}}"
Ecuador,EC,ECU,218,-2,-77.5,17093159,616,3.60E-05,0.036037809,0.36037809,3.603780904,0.036037809,"{""type"":""Feature"",""properties"": {""ADMIN"": country['country'],""ISO_A3"": country['alpha3']},""geometry"": {""type"": ""MultiPolygon"",""coordinates"": []}}"
Egypt,EG,EGY,818,27,30,105919663,50,4.72E-07,0.000472056,0.004720559,0.047205588,0.000472056,"{""type"":""Feature"",""properties"": {""ADMIN"": country['country'],""ISO_A3"": country['alpha3']},""geometry"": {""type"": ""MultiPolygon"",""coordinates"": []}}"
El Salvador,SV,SLV,222,13.8333,-88.9167,6528135,176,2.70E-05,0.026960227,0.269602268,2.696022677,0.026960227,"{""type"":""Feature"",""properties"": {""ADMIN"": country['country'],""ISO_A3"": country['alpha3']},""geometry"": {""type"": ""MultiPolygon"",""coordinates"": []}}"
Equatorial Guinea,GQ,GNQ,226,2,10,1620289,0,0,0,0,0,{},"{""type"":""Feature"",""properties"": {""ADMIN"": country['country'],""ISO_A3"": country['alpha3']},""geometry"": {""type"": ""MultiPolygon"",""coordinates"": []}}"
Eritrea,ER,ERI,232,15,39,6147398,0,0,0,0,0,{},"{""type"":""Feature"",""properties"": {""ADMIN"": country['country'],""ISO_A3"": country['alpha3']},""geometry"": {""type"": ""MultiPolygon"",""coordinates"": []}}"
Estonia,EE,EST,233,59,26,1220042,241,0.000197534,0.197534183,1.975341832,19.75341832,0.197534183,"{""type"":""Feature"",""properties"": {""ADMIN"": country['country'],""ISO_A3"": country['alpha3']},""geometry"": {""type"": ""MultiPolygon"",""coordinates"": []}}"
Ethiopia,ET,ETH,231,8,38,110871031,1,9.02E-09,9.02E-06,9.02E-05,0.000901949,9.02E-06,"{""type"":""Feature"",""properties"": {""ADMIN"": country['country'],""ISO_A3"": country['alpha3']},""geometry"": {""type"": ""MultiPolygon"",""coordinates"": []}}"
Falkland Islands (Malvinas),FK,FLK,238,-51.75,-59,0,0,0,0,0,0,{},"{""type"":""Feature"",""properties"": {""ADMIN"": country['country'],""ISO_A3"": country['alpha3']},""geometry"": {""type"": ""MultiPolygon"",""coordinates"": []}}"
Faroe Islands,FO,FRO,234,62,-7,51943,15,0.000288778,0.288778084,2.887780837,28.87780837,0.288778084,"{""type"":""Feature"",""properties"": {""ADMIN"": country['country'],""ISO_A3"": country['alpha3']},""geometry"": {""type"": ""MultiPolygon"",""coordinates"": []}}"
Fiji,FJ,FJI,242,-18,175,939535,0,0,0,0,0,{},"{""type"":""Feature"",""properties"": {""ADMIN"": country['country'],""ISO_A3"": country['alpha3']},""geometry"": {""type"": ""MultiPolygon"",""coordinates"": []}}"
Finland,FI,FIN,246,64,26,5587442,4468,0.00079965,0.799650359,7.996503588,79.96503588,0.799650359,"{""type"":""Feature"",""properties"": {""ADMIN"": country['country'],""ISO_A3"": country['alpha3']},""geometry"": {""type"": ""MultiPolygon"",""coordinates"": []}}"
France,FR,FRA,250,46,2,68084217,5903,8.67E-05,0.086701445,0.867014451,8.670144506,0.086701445,"{""type"":""Feature"",""properties"": {""ADMIN"": country['country'],""ISO_A3"": country['alpha3']},""geometry"": {""type"": ""MultiPolygon"",""coordinates"": []}}"
French Guiana,GF,GUF,254,4,-53,0,0,0,0,0,0,{},"{""type"":""Feature"",""properties"": {""ADMIN"": country['country'],""ISO_A3"": country['alpha3']},""geometry"": {""type"": ""MultiPolygon"",""coordinates"": []}}"
French Polynesia,PF,PYF,258,-15,-140,297154,3,1.01E-05,0.010095775,0.100957753,1.009577525,0.010095775,"{""type"":""Feature"",""properties"": {""ADMIN"": country['country'],""ISO_A3"": country['alpha3']},""geometry"": {""type"": ""MultiPolygon"",""coordinates"": []}}"
French Southern Territories,TF,ATF,260,-43,67,0,0,0,0,0,0,{},"{""type"":""Feature"",""properties"": {""ADMIN"": country['country'],""ISO_A3"": country['alpha3']},""geometry"": {""type"": ""MultiPolygon"",""coordinates"": []}}"
Gabon,GA,GAB,266,-1,11.75,2284912,0,0,0,0,0,{},"{""type"":""Feature"",""properties"": {""ADMIN"": country['country'],""ISO_A3"": country['alpha3']},""geometry"": {""type"": ""MultiPolygon"",""coordinates"": []}}"
Gambia,GM,GMB,270,13.4667,-16.5667,2357958,0,0,0,0,0,{},"{""type"":""Feature"",""properties"": {""ADMIN"": country['country'],""ISO_A3"": country['alpha3']},""geometry"": {""type"": ""MultiPolygon"",""coordinates"": []}}"
Georgia,GE,GEO,268,42,43.5,4933674,42,8.51E-06,0.008512926,0.085129257,0.851292566,0.008512926,"{""type"":""Feature"",""properties"": {""ADMIN"": country['country'],""ISO_A3"": country['alpha3']},""geometry"": {""type"": ""MultiPolygon"",""coordinates"": []}}"
Germany,DE,DEU,276,51,9,84409193,12255,0.000145186,0.145185608,1.451856079,14.51856079,0.145185608,"{""type"":""Feature"",""properties"": {""ADMIN"": country['country'],""ISO_A3"": country['alpha3']},""geometry"": {""type"": ""MultiPolygon"",""coordinates"": []}}"
Ghana,GH,GHA,288,8,-2,32372889,0,0,0,0,0,{},"{""type"":""Feature"",""properties"": {""ADMIN"": country['country'],""ISO_A3"": country['alpha3']},""geometry"": {""type"": ""MultiPolygon"",""coordinates"": []}}"
Gibraltar,GI,GIB,292,36.1833,-5.3667,29516,8,0.000271039,0.271039436,2.710394362,27.10394362,0.271039436,"{""type"":""Feature"",""properties"": {""ADMIN"": country['country'],""ISO_A3"": country['alpha3']},""geometry"": {""type"": ""MultiPolygon"",""coordinates"": []}}"
Greece,GR,GRC,300,39,22,10569703,2322,0.000219685,0.219684508,2.196845077,21.96845077,0.219684508,"{""type"":""Feature"",""properties"": {""ADMIN"": country['country'],""ISO_A3"": country['alpha3']},""geometry"": {""type"": ""MultiPolygon"",""coordinates"": []}}"
Greenland,GL,GRL,304,72,-40,57799,7,0.000121109,0.121109362,1.211093618,12.11093618,0.121109362,"{""type"":""Feature"",""properties"": {""ADMIN"": country['country'],""ISO_A3"": country['alpha3']},""geometry"": {""type"": ""MultiPolygon"",""coordinates"": []}}"
Grenada,GD,GRD,308,12.1167,-61.6667,113570,0,0,0,0,0,{},"{""type"":""Feature"",""properties"": {""ADMIN"": country['country'],""ISO_A3"": country['alpha3']},""geometry"": {""type"": ""MultiPolygon"",""coordinates"": []}}"
Guadeloupe,GP,GLP,312,16.25,-61.5833,0,0,0,0,0,0,{},"{""type"":""Feature"",""properties"": {""ADMIN"": country['country'],""ISO_A3"": country['alpha3']},""geometry"": {""type"": ""MultiPolygon"",""coordinates"": []}}"
Guam,GU,GUM,316,13.4667,144.7833,168801,5,2.96E-05,0.029620678,0.296206776,2.96206776,0.029620678,"{""type"":""Feature"",""properties"": {""ADMIN"": country['country'],""ISO_A3"": country['alpha3']},""geometry"": {""type"": ""MultiPolygon"",""coordinates"": []}}"
Guatemala,GT,GTM,320,15.5,-90.25,17422821,158,9.07E-06,0.009068566,0.090685659,0.906856588,0.009068566,"{""type"":""Feature"",""properties"": {""ADMIN"": country['country'],""ISO_A3"": country['alpha3']},""geometry"": {""type"": ""MultiPolygon"",""coordinates"": []}}"
Guernsey,GG,GGY,831,49.5,-2.56,67334,14,0.000207919,0.207918733,2.079187335,20.79187335,0.207918733,"{""type"":""Feature"",""properties"": {""ADMIN"": country['country'],""ISO_A3"": country['alpha3']},""geometry"": {""type"": ""MultiPolygon"",""coordinates"": []}}"
Guinea,GN,GIN,324,11,-10,12877894,0,0,0,0,0,{},"{""type"":""Feature"",""properties"": {""ADMIN"": country['country'],""ISO_A3"": country['alpha3']},""geometry"": {""type"": ""MultiPolygon"",""coordinates"": []}}"
Guinea-Bissau,GW,GNB,624,12,-15,1976187,0,0,0,0,0,{},"{""type"":""Feature"",""properties"": {""ADMIN"": country['country'],""ISO_A3"": country['alpha3']},""geometry"": {""type"": ""MultiPolygon"",""coordinates"": []}}"
Guyana,GY,GUY,328,5,-59,787971,5,6.35E-06,0.006345411,0.063454112,0.634541119,0.006345411,"{""type"":""Feature"",""properties"": {""ADMIN"": country['country'],""ISO_A3"": country['alpha3']},""geometry"": {""type"": ""MultiPolygon"",""coordinates"": []}}"
Haiti,HT,HTI,332,19,-72.4167,11198240,0,0,0,0,0,{},"{""type"":""Feature"",""properties"": {""ADMIN"": country['country'],""ISO_A3"": country['alpha3']},""geometry"": {""type"": ""MultiPolygon"",""coordinates"": []}}"
Heard Island and McDonald Islands,HM,HMD,334,-53.1,72.5167,0,0,0,0,0,0,{},"{""type"":""Feature"",""properties"": {""ADMIN"": country['country'],""ISO_A3"": country['alpha3']},""geometry"": {""type"": ""MultiPolygon"",""coordinates"": []}}"
Holy See (Vatican City State),VA,VAT,336,41.9,12.45,0,0,0,0,0,0,{},"{""type"":""Feature"",""properties"": {""ADMIN"": country['country'],""ISO_A3"": country['alpha3']},""geometry"": {""type"": ""MultiPolygon"",""coordinates"": []}}"
Honduras,HN,HND,340,15,-86.5,9346277,71,7.60E-06,0.007596608,0.075966077,0.759660772,0.007596608,"{""type"":""Feature"",""properties"": {""ADMIN"": country['country'],""ISO_A3"": country['alpha3']},""geometry"": {""type"": ""MultiPolygon"",""coordinates"": []}}"
Hong Kong,HK,HKG,344,22.25,114.1667,7263234,44,6.06E-06,0.006057908,0.060579075,0.605790754,0.006057908,"{""type"":""Feature"",""properties"": {""ADMIN"": country['country'],""ISO_A3"": country['alpha3']},""geometry"": {""type"": ""MultiPolygon"",""coordinates"": []}}"
Hungary,HU,HUN,348,47,20,9728337,1269,0.000130444,0.130443672,1.304436719,13.04436719,0.130443672,"{""type"":""Feature"",""properties"": {""ADMIN"": country['country'],""ISO_A3"": country['alpha3']},""geometry"": {""type"": ""MultiPolygon"",""coordinates"": []}}"
Iceland,IS,ISL,352,65,-18,354234,177,0.00049967,0.49966971,4.996697099,49.96697099,0.49966971,"{""type"":""Feature"",""properties"": {""ADMIN"": country['country'],""ISO_A3"": country['alpha3']},""geometry"": {""type"": ""MultiPolygon"",""coordinates"": []}}"
India,IN,IND,356,20,77,1380721926,293,2.12E-07,0.000212208,0.002122078,0.021220783,0.000212208,"{""type"":""Feature"",""properties"": {""ADMIN"": country['country'],""ISO_A3"": country['alpha3']},""geometry"": {""type"": ""MultiPolygon"",""coordinates"": []}}"
Indonesia,ID,IDN,360,-5,120,275122131,2182,7.93E-06,0.007931023,0.079310232,0.793102319,0.007931023,"{""type"":""Feature"",""properties"": {""ADMIN"": country['country'],""ISO_A3"": country['alpha3']},""geometry"": {""type"": ""MultiPolygon"",""coordinates"": []}}"
"Iran, Islamic Republic of",IR,IRN,364,32,53,85888910,134,1.56E-06,0.001560155,0.015601549,0.156015486,0.001560155,"{""type"":""Feature"",""properties"": {""ADMIN"": country['country'],""ISO_A3"": country['alpha3']},""geometry"": {""type"": ""MultiPolygon"",""coordinates"": []}}"
Iraq,IQ,IRQ,368,33,44,39650145,12,3.03E-07,0.000302647,0.003026471,0.030264706,0.000302647,"{""type"":""Feature"",""properties"": {""ADMIN"": country['country'],""ISO_A3"": country['alpha3']},""geometry"": {""type"": ""MultiPolygon"",""coordinates"": []}}"
Ireland,IE,IRL,372,53,-8,5224884,497,9.51E-05,0.095121729,0.95121729,9.512172902,0.095121729,"{""type"":""Feature"",""properties"": {""ADMIN"": country['country'],""ISO_A3"": country['alpha3']},""geometry"": {""type"": ""MultiPolygon"",""coordinates"": []}}"
Isle of Man,IM,IMN,833,54.23,-4.55,90895,3,3.30E-05,0.033005116,0.330051158,3.300511579,0.033005116,"{""type"":""Feature"",""properties"": {""ADMIN"": country['country'],""ISO_A3"": country['alpha3']},""geometry"": {""type"": ""MultiPolygon"",""coordinates"": []}}"
Israel,IL,ISR,376,31.5,34.75,8787045,313,3.56E-05,0.035620621,0.35620621,3.562062104,0.035620621,"{""type"":""Feature"",""properties"": {""ADMIN"": country['country'],""ISO_A3"": country['alpha3']},""geometry"": {""type"": ""MultiPolygon"",""coordinates"": []}}"
Italy,IT,ITA,380,42.8333,12.8333,61196793,7344,0.000120006,0.120006289,1.200062886,12.00062886,0.120006289,"{""type"":""Feature"",""properties"": {""ADMIN"": country['country'],""ISO_A3"": country['alpha3']},""geometry"": {""type"": ""MultiPolygon"",""coordinates"": []}}"
Jamaica,JM,JAM,388,18.25,-77.5,2816602,3,1.07E-06,0.001065113,0.010651132,0.106511321,0.001065113,"{""type"":""Feature"",""properties"": {""ADMIN"": country['country'],""ISO_A3"": country['alpha3']},""geometry"": {""type"": ""MultiPolygon"",""coordinates"": []}}"
Japan,JP,JPN,392,36,138,124687293,2627,2.11E-05,0.021068707,0.210687067,2.106870666,0.021068707,"{""type"":""Feature"",""properties"": {""ADMIN"": country['country'],""ISO_A3"": country['alpha3']},""geometry"": {""type"": ""MultiPolygon"",""coordinates"": []}}"
Jersey,JE,JEY,832,49.21,-2.13,101476,7,6.90E-05,0.068981828,0.689818282,6.898182822,0.068981828,"{""type"":""Feature"",""properties"": {""ADMIN"": country['country'],""ISO_A3"": country['alpha3']},""geometry"": {""type"": ""MultiPolygon"",""coordinates"": []}}"
Jordan,JO,JOR,400,31,36,10909567,34,3.12E-06,0.003116531,0.031165307,0.311653066,0.003116531,"{""type"":""Feature"",""properties"": {""ADMIN"": country['country'],""ISO_A3"": country['alpha3']},""geometry"": {""type"": ""MultiPolygon"",""coordinates"": []}}"
Kazakhstan,KZ,KAZ,398,48,68,19245793,62,3.22E-06,0.003221483,0.032214833,0.322148326,0.003221483,"{""type"":""Feature"",""properties"": {""ADMIN"": country['country'],""ISO_A3"": country['alpha3']},""geometry"": {""type"": ""MultiPolygon"",""coordinates"": []}}"
Kenya,KE,KEN,404,1,38,54685051,6,1.10E-07,0.000109719,0.001097192,0.01097192,0.000109719,"{""type"":""Feature"",""properties"": {""ADMIN"": country['country'],""ISO_A3"": country['alpha3']},""geometry"": {""type"": ""MultiPolygon"",""coordinates"": []}}"
Kiribati,KI,KIR,296,1.4167,173,113001,0,0,0,0,0,{},"{""type"":""Feature"",""properties"": {""ADMIN"": country['country'],""ISO_A3"": country['alpha3']},""geometry"": {""type"": ""MultiPolygon"",""coordinates"": []}}"
"Korea, Democratic People's Republic of",KP,PRK,408,40,127,25831360,0,0,0,0,0,{},"{""type"":""Feature"",""properties"": {""ADMIN"": country['country'],""ISO_A3"": country['alpha3']},""geometry"": {""type"": ""MultiPolygon"",""coordinates"": []}}"
"Korea, Republic of",KR,KOR,410,37,127.5,51715162,276,5.34E-06,0.005336926,0.053369261,0.533692614,0.005336926,"{""type"":""Feature"",""properties"": {""ADMIN"": country['country'],""ISO_A3"": country['alpha3']},""geometry"": {""type"": ""MultiPolygon"",""coordinates"": []}}"
Kuwait,KW,KWT,414,29.3375,47.6581,3032065,7,2.31E-06,0.002308658,0.023086576,0.230865763,0.002308658,"{""type"":""Feature"",""properties"": {""ADMIN"": country['country'],""ISO_A3"": country['alpha3']},""geometry"": {""type"": ""MultiPolygon"",""coordinates"": []}}"
Kyrgyzstan,KG,KGZ,417,41,75,6018789,10,1.66E-06,0.001661464,0.016614638,0.166146379,0.001661464,"{""type"":""Feature"",""properties"": {""ADMIN"": country['country'],""ISO_A3"": country['alpha3']},""geometry"": {""type"": ""MultiPolygon"",""coordinates"": []}}"
Lao People's Democratic Republic,LA,LAO,418,18,105,7645472,8,1.05E-06,0.001046371,0.01046371,0.104637098,0.001046371,"{""type"":""Feature"",""properties"": {""ADMIN"": country['country'],""ISO_A3"": country['alpha3']},""geometry"": {""type"": ""MultiPolygon"",""coordinates"": []}}"
Latvia,LV,LVA,428,57,25,1862687,135,7.25E-05,0.072475945,0.724759447,7.24759447,0.072475945,"{""type"":""Feature"",""properties"": {""ADMIN"": country['country'],""ISO_A3"": country['alpha3']},""geometry"": {""type"": ""MultiPolygon"",""coordinates"": []}}"
Lebanon,LB,LBN,422,33.8333,35.8333,5261372,58,1.10E-05,0.011023741,0.110237406,1.102374058,0.011023741,"{""type"":""Feature"",""properties"": {""ADMIN"": country['country'],""ISO_A3"": country['alpha3']},""geometry"": {""type"": ""MultiPolygon"",""coordinates"": []}}"
Lesotho,LS,LSO,426,-29.5,28.5,2177740,0,0,0,0,0,{},"{""type"":""Feature"",""properties"": {""ADMIN"": country['country'],""ISO_A3"": country['alpha3']},""geometry"": {""type"": ""MultiPolygon"",""coordinates"": []}}"
Liberia,LR,LBR,430,6.5,-9.5,5214030,0,0,0,0,0,{},"{""type"":""Feature"",""properties"": {""ADMIN"": country['country'],""ISO_A3"": country['alpha3']},""geometry"": {""type"": ""MultiPolygon"",""coordinates"": []}}"
Libyan Arab Jamahiriya,LY,LBY,434,25,17,7017224,7,9.98E-07,0.000997545,0.009975455,0.099754547,0.000997545,"{""type"":""Feature"",""properties"": {""ADMIN"": country['country'],""ISO_A3"": country['alpha3']},""geometry"": {""type"": ""MultiPolygon"",""coordinates"": []}}"
Liechtenstein,LI,LIE,438,47.1667,9.5333,39425,14,0.000355105,0.355104629,3.55104629,35.5104629,0.355104629,"{""type"":""Feature"",""properties"": {""ADMIN"": country['country'],""ISO_A3"": country['alpha3']},""geometry"": {""type"": ""MultiPolygon"",""coordinates"": []}}"
Lithuania,LT,LTU,440,56,24,2711566,207,7.63E-05,0.07633965,0.763396502,7.633965022,0.07633965,"{""type"":""Feature"",""properties"": {""ADMIN"": country['country'],""ISO_A3"": country['alpha3']},""geometry"": {""type"": ""MultiPolygon"",""coordinates"": []}}"
Luxembourg,LU,LUX,442,49.75,6.1667,639589,93,0.000145406,0.145405878,1.454058778,14.54058778,0.145405878,"{""type"":""Feature"",""properties"": {""ADMIN"": country['country'],""ISO_A3"": country['alpha3']},""geometry"": {""type"": ""MultiPolygon"",""coordinates"": []}}"
Macao,MO,MAC,446,22.1667,113.55,630396,0,0,0,0,0,{},"{""type"":""Feature"",""properties"": {""ADMIN"": country['country'],""ISO_A3"": country['alpha3']},""geometry"": {""type"": ""MultiPolygon"",""coordinates"": []}}"
"Macedonia, the former Yugoslav Republic of",MK,MKD,807,41.8333,22,2128262,122,5.73E-05,0.057323769,0.573237693,5.732376935,0.057323769,"{""type"":""Feature"",""properties"": {""ADMIN"": country['country'],""ISO_A3"": country['alpha3']},""geometry"": {""type"": ""MultiPolygon"",""coordinates"": []}}"
Madagascar,MG,MDG,450,-20,47,27534354,20,7.26E-07,0.000726365,0.007263653,0.072636533,0.000726365,"{""type"":""Feature"",""properties"": {""ADMIN"": country['country'],""ISO_A3"": country['alpha3']},""geometry"": {""type"": ""MultiPolygon"",""coordinates"": []}}"
Malawi,MW,MWI,454,-13.5,34,20308502,1,4.92E-08,4.92E-05,0.000492405,0.004924046,4.92E-05,"{""type"":""Feature"",""properties"": {""ADMIN"": country['country'],""ISO_A3"": country['alpha3']},""geometry"": {""type"": ""MultiPolygon"",""coordinates"": []}}"
Malaysia,MY,MYS,458,2.5,112.5,33519406,689,2.06E-05,0.020555257,0.205552569,2.055525686,0.020555257,"{""type"":""Feature"",""properties"": {""ADMIN"": country['country'],""ISO_A3"": country['alpha3']},""geometry"": {""type"": ""MultiPolygon"",""coordinates"": []}}"
Maldives,MV,MDV,462,3.25,73,390669,10,2.56E-05,0.025597117,0.255971167,2.559711674,0.025597117,"{""type"":""Feature"",""properties"": {""ADMIN"": country['country'],""ISO_A3"": country['alpha3']},""geometry"": {""type"": ""MultiPolygon"",""coordinates"": []}}"
Mali,ML,MLI,466,17,-4,20137527,0,0,0,0,0,{},"{""type"":""Feature"",""properties"": {""ADMIN"": country['country'],""ISO_A3"": country['alpha3']},""geometry"": {""type"": ""MultiPolygon"",""coordinates"": []}}"
Malta,MT,MLT,470,35.8333,14.5833,460891,87,0.000188765,0.188764806,1.887648056,18.87648056,0.188764806,"{""type"":""Feature"",""properties"": {""ADMIN"": country['country'],""ISO_A3"": country['alpha3']},""geometry"": {""type"": ""MultiPolygon"",""coordinates"": []}}"
Marshall Islands,MH,MHL,584,9,168,78831,0,0,0,0,0,{},"{""type"":""Feature"",""properties"": {""ADMIN"": country['country'],""ISO_A3"": country['alpha3']},""geometry"": {""type"": ""MultiPolygon"",""coordinates"": []}}"
Martinique,MQ,MTQ,474,14.6667,-61,0,0,0,0,0,0,{},"{""type"":""Feature"",""properties"": {""ADMIN"": country['country'],""ISO_A3"": country['alpha3']},""geometry"": {""type"": ""MultiPolygon"",""coordinates"": []}}"
Mauritania,MR,MRT,478,20,-12,4079284,0,0,0,0,0,{},"{""type"":""Feature"",""properties"": {""ADMIN"": country['country'],""ISO_A3"": country['alpha3']},""geometry"": {""type"": ""MultiPolygon"",""coordinates"": []}}"
Mauritius,MU,MUS,480,-20.2833,57.55,1306837,2,1.53E-06,0.001530413,0.015304127,0.153041274,0.001530413,"{""type"":""Feature"",""properties"": {""ADMIN"": country['country'],""ISO_A3"": country['alpha3']},""geometry"": {""type"": ""MultiPolygon"",""coordinates"": []}}"
Mayotte,YT,MYT,175,-12.8333,45.1667,0,0,0,0,0,0,{},"{""type"":""Feature"",""properties"": {""ADMIN"": country['country'],""ISO_A3"": country['alpha3']},""geometry"": {""type"": ""MultiPolygon"",""coordinates"": []}}"
Mexico,MX,MEX,484,23,-102,128569498,3645,2.84E-05,0.028350426,0.283504257,2.83504257,0.028350426,"{""type"":""Feature"",""properties"": {""ADMIN"": country['country'],""ISO_A3"": country['alpha3']},""geometry"": {""type"": ""MultiPolygon"",""coordinates"": []}}"
"Micronesia, Federated States of",FM,FSM,583,6.9167,158.25,101675,0,0,0,0,0,{},"{""type"":""Feature"",""properties"": {""ADMIN"": country['country'],""ISO_A3"": country['alpha3']},""geometry"": {""type"": ""MultiPolygon"",""coordinates"": []}}"
"Moldova, Republic of",MD,MDA,498,47,29,3323875,44,1.32E-05,0.013237562,0.132375616,1.323756158,0.013237562,"{""type"":""Feature"",""properties"": {""ADMIN"": country['country'],""ISO_A3"": country['alpha3']},""geometry"": {""type"": ""MultiPolygon"",""coordinates"": []}}"
Monaco,MC,MCO,492,43.7333,7.4,31223,5,0.000160138,0.16013836,1.601383595,16.01383595,0.16013836,"{""type"":""Feature"",""properties"": {""ADMIN"": country['country'],""ISO_A3"": country['alpha3']},""geometry"": {""type"": ""MultiPolygon"",""coordinates"": []}}"
Mongolia,MN,MNG,496,46,105,3198913,9,2.81E-06,0.002813456,0.028134557,0.28134557,0.002813456,"{""type"":""Feature"",""properties"": {""ADMIN"": country['country'],""ISO_A3"": country['alpha3']},""geometry"": {""type"": ""MultiPolygon"",""coordinates"": []}}"
Montenegro,ME,MNE,499,42,19,607414,15,2.47E-05,0.024694854,0.246948539,2.469485392,0.024694854,"{""type"":""Feature"",""properties"": {""ADMIN"": country['country'],""ISO_A3"": country['alpha3']},""geometry"": {""type"": ""MultiPolygon"",""coordinates"": []}}"
Montserrat,MS,MSR,500,16.75,-62.2,5387,0,0,0,0,0,{},"{""type"":""Feature"",""properties"": {""ADMIN"": country['country'],""ISO_A3"": country['alpha3']},""geometry"": {""type"": ""MultiPolygon"",""coordinates"": []}}"
Morocco,MA,MAR,504,32,-5,36400581,31,8.52E-07,0.000851635,0.008516348,0.085163476,0.000851635,"{""type"":""Feature"",""properties"": {""ADMIN"": country['country'],""ISO_A3"": country['alpha3']},""geometry"": {""type"": ""MultiPolygon"",""coordinates"": []}}"
Mozambique,MZ,MOZ,508,-18.25,35,30888034,2,6.47E-08,6.47E-05,0.0006475,0.006474999,6.47E-05,"{""type"":""Feature"",""properties"": {""ADMIN"": country['country'],""ISO_A3"": country['alpha3']},""geometry"": {""type"": ""MultiPolygon"",""coordinates"": []}}"
Myanmar,MM,MMR,104,22,98,57069099,9,1.58E-07,0.000157704,0.001577036,0.015770356,0.000157704,"{""type"":""Feature"",""properties"": {""ADMIN"": country['country'],""ISO_A3"": country['alpha3']},""geometry"": {""type"": ""MultiPolygon"",""coordinates"": []}}"
Namibia,NA,NAM,516,-22,17,2678191,2,7.47E-07,0.000746773,0.007467727,0.074677273,0.000746773,"{""type"":""Feature"",""properties"": {""ADMIN"": country['country'],""ISO_A3"": country['alpha3']},""geometry"": {""type"": ""MultiPolygon"",""coordinates"": []}}"
Nauru,NR,NRU,520,-0.5333,166.9167,9770,0,0,0,0,0,{},"{""type"":""Feature"",""properties"": {""ADMIN"": country['country'],""ISO_A3"": country['alpha3']},""geometry"": {""type"": ""MultiPolygon"",""coordinates"": []}}"
Nepal,NP,NPL,524,28,84,30424878,34,1.12E-06,0.001117507,0.011175065,0.111750654,0.001117507,"{""type"":""Feature"",""properties"": {""ADMIN"": country['country'],""ISO_A3"": country['alpha3']},""geometry"": {""type"": ""MultiPolygon"",""coordinates"": []}}"
Netherlands,NL,NLD,528,52.5,5.75,17337403,2681,0.000154637,0.15463677,1.5463677,15.463677,0.15463677,"{""type"":""Feature"",""properties"": {""ADMIN"": country['country'],""ISO_A3"": country['alpha3']},""geometry"": {""type"": ""MultiPolygon"",""coordinates"": []}}"
Netherlands Antilles,AN,ANT,530,12.25,-68.75,0,0,0,0,0,0,{},"{""type"":""Feature"",""properties"": {""ADMIN"": country['country'],""ISO_A3"": country['alpha3']},""geometry"": {""type"": ""MultiPolygon"",""coordinates"": []}}"
New Caledonia,NC,NCL,540,-21.5,165.5,293608,7,2.38E-05,0.023841312,0.238413122,2.384131223,0.023841312,"{""type"":""Feature"",""properties"": {""ADMIN"": country['country'],""ISO_A3"": country['alpha3']},""geometry"": {""type"": ""MultiPolygon"",""coordinates"": []}}"
New Zealand,NZ,NZL,554,-41,174,4991442,499,1.00E-04,0.099971111,0.999711106,9.997111055,0.099971111,"{""type"":""Feature"",""properties"": {""ADMIN"": country['country'],""ISO_A3"": country['alpha3']},""geometry"": {""type"": ""MultiPolygon"",""coordinates"": []}}"
Nicaragua,NI,NIC,558,13,-85,6243931,49,7.85E-06,0.00784762,0.078476204,0.784762035,0.00784762,"{""type"":""Feature"",""properties"": {""ADMIN"": country['country'],""ISO_A3"": country['alpha3']},""geometry"": {""type"": ""MultiPolygon"",""coordinates"": []}}"
Niger,NE,NER,562,16,8,23605767,0,0,0,0,0,{},"{""type"":""Feature"",""properties"": {""ADMIN"": country['country'],""ISO_A3"": country['alpha3']},""geometry"": {""type"": ""MultiPolygon"",""coordinates"": []}}"
Nigeria,NG,NGA,566,10,8,219463862,0,0,0,0,0,{},"{""type"":""Feature"",""properties"": {""ADMIN"": country['country'],""ISO_A3"": country['alpha3']},""geometry"": {""type"": ""MultiPolygon"",""coordinates"": []}}"
Niue,NU,NIU,570,-19.0333,-169.8667,0,0,0,0,0,0,{},"{""type"":""Feature"",""properties"": {""ADMIN"": country['country'],""ISO_A3"": country['alpha3']},""geometry"": {""type"": ""MultiPolygon"",""coordinates"": []}}"
Norfolk Island,NF,NFK,574,-29.0333,167.95,0,0,0,0,0,0,{},"{""type"":""Feature"",""properties"": {""ADMIN"": country['country'],""ISO_A3"": country['alpha3']},""geometry"": {""type"": ""MultiPolygon"",""coordinates"": []}}"
Northern Mariana Islands,MP,MNP,580,15.2,145.75,51659,0,0,0,0,0,{},"{""type"":""Feature"",""properties"": {""ADMIN"": country['country'],""ISO_A3"": country['alpha3']},""geometry"": {""type"": ""MultiPolygon"",""coordinates"": []}}"
Norway,NO,NOR,578,62,10,5509591,1996,0.000362277,0.362277345,3.622773451,36.22773451,0.362277345,"{""type"":""Feature"",""properties"": {""ADMIN"": country['country'],""ISO_A3"": country['alpha3']},""geometry"": {""type"": ""MultiPolygon"",""coordinates"": []}}"
Oman,OM,OMN,512,21,57,3694755,2,5.41E-07,0.000541308,0.005413079,0.054130788,0.000541308,"{""type"":""Feature"",""properties"": {""ADMIN"": country['country'],""ISO_A3"": country['alpha3']},""geometry"": {""type"": ""MultiPolygon"",""coordinates"": []}}"
Pakistan,PK,PAK,586,30,70,238181034,57,2.39E-07,0.000239314,0.002393138,0.023931377,0.000239314,"{""type"":""Feature"",""properties"": {""ADMIN"": country['country'],""ISO_A3"": country['alpha3']},""geometry"": {""type"": ""MultiPolygon"",""coordinates"": []}}"
Palau,PW,PLW,585,7.5,134.5,21613,0,0,0,0,0,{},"{""type"":""Feature"",""properties"": {""ADMIN"": country['country'],""ISO_A3"": country['alpha3']},""geometry"": {""type"": ""MultiPolygon"",""coordinates"": []}}"
"Palestinian Territory, Occupied",PS,PSE,275,32,35.25,0,0,0,0,0,0,{},"{""type"":""Feature"",""properties"": {""ADMIN"": country['country'],""ISO_A3"": country['alpha3']},""geometry"": {""type"": ""MultiPolygon"",""coordinates"": []}}"
Panama,PA,PAN,591,9,-80,4271368,90,2.11E-05,0.021070533,0.210705329,2.107053291,0.021070533,"{""type"":""Feature"",""properties"": {""ADMIN"": country['country'],""ISO_A3"": country['alpha3']},""geometry"": {""type"": ""MultiPolygon"",""coordinates"": []}}"
Papua New Guinea,PG,PNG,598,-6,147,9368881,0,0,0,0,0,{},"{""type"":""Feature"",""properties"": {""ADMIN"": country['country'],""ISO_A3"": country['alpha3']},""geometry"": {""type"": ""MultiPolygon"",""coordinates"": []}}"
Paraguay,PY,PRY,600,-23,-58,7272639,218,3.00E-05,0.029975364,0.299753638,2.997536383,0.029975364,"{""type"":""Feature"",""properties"": {""ADMIN"": country['country'],""ISO_A3"": country['alpha3']},""geometry"": {""type"": ""MultiPolygon"",""coordinates"": []}}"
Peru,PE,PER,604,-10,-76,32110270,644,2.01E-05,0.020055889,0.200558887,2.005588866,0.020055889,"{""type"":""Feature"",""properties"": {""ADMIN"": country['country'],""ISO_A3"": country['alpha3']},""geometry"": {""type"": ""MultiPolygon"",""coordinates"": []}}"
Philippines,PH,PHL,608,13,122,112771402,350,3.10E-06,0.003103624,0.031036237,0.310362374,0.003103624,"{""type"":""Feature"",""properties"": {""ADMIN"": country['country'],""ISO_A3"": country['alpha3']},""geometry"": {""type"": ""MultiPolygon"",""coordinates"": []}}"
Pitcairn,PN,PCN,612,-24.7,-127.4,0,0,0,0,0,0,{},"{""type"":""Feature"",""properties"": {""ADMIN"": country['country'],""ISO_A3"": country['alpha3']},""geometry"": {""type"": ""MultiPolygon"",""coordinates"": []}}"
Poland,PL,POL,616,52,20,38185913,3877,0.00010153,0.101529588,1.015295876,10.15295876,0.101529588,"{""type"":""Feature"",""properties"": {""ADMIN"": country['country'],""ISO_A3"": country['alpha3']},""geometry"": {""type"": ""MultiPolygon"",""coordinates"": []}}"
Portugal,PT,PRT,620,39.5,-8,10263850,1477,0.000143903,0.143903116,1.439031163,14.39031163,0.143903116,"{""type"":""Feature"",""properties"": {""ADMIN"": country['country'],""ISO_A3"": country['alpha3']},""geometry"": {""type"": ""MultiPolygon"",""coordinates"": []}}"
Puerto Rico,PR,PRI,630,18.25,-66.5,3142779,175,5.57E-05,0.055683203,0.556832027,5.568320267,0.055683203,"{""type"":""Feature"",""properties"": {""ADMIN"": country['country'],""ISO_A3"": country['alpha3']},""geometry"": {""type"": ""MultiPolygon"",""coordinates"": []}}"
Qatar,QA,QAT,634,25.5,51.25,2479995,5,2.02E-06,0.002016133,0.020161331,0.20161331,0.002016133,"{""type"":""Feature"",""properties"": {""ADMIN"": country['country'],""ISO_A3"": country['alpha3']},""geometry"": {""type"": ""MultiPolygon"",""coordinates"": []}}"
Réunion,RE,REU,638,-21.1,55.6,0,0,0,0,0,0,{},"{""type"":""Feature"",""properties"": {""ADMIN"": country['country'],""ISO_A3"": country['alpha3']},""geometry"": {""type"": ""MultiPolygon"",""coordinates"": []}}"
Romania,RO,ROU,642,46,25,18748356,475,2.53E-05,0.025335555,0.253355548,2.533555475,0.025335555,"{""type"":""Feature"",""properties"": {""ADMIN"": country['country'],""ISO_A3"": country['alpha3']},""geometry"": {""type"": ""MultiPolygon"",""coordinates"": []}}"
Russian Federation,RU,RUS,643,60,100,142320790,5021,3.53E-05,0.035279456,0.352794557,3.527945566,0.035279456,"{""type"":""Feature"",""properties"": {""ADMIN"": country['country'],""ISO_A3"": country['alpha3']},""geometry"": {""type"": ""MultiPolygon"",""coordinates"": []}}"
Rwanda,RW,RWA,646,-2,30,12943132,0,0,0,0,0,{},"{""type"":""Feature"",""properties"": {""ADMIN"": country['country'],""ISO_A3"": country['alpha3']},""geometry"": {""type"": ""MultiPolygon"",""coordinates"": []}}"
"Saint Helena, Ascension and Tristan da Cunha",SH,SHN,654,-15.9333,-5.7,7915,0,0,0,0,0,{},"{""type"":""Feature"",""properties"": {""ADMIN"": country['country'],""ISO_A3"": country['alpha3']},""geometry"": {""type"": ""MultiPolygon"",""coordinates"": []}}"
Saint Kitts and Nevis,KN,KNA,659,17.3333,-62.75,54149,0,0,0,0,0,{},"{""type"":""Feature"",""properties"": {""ADMIN"": country['country'],""ISO_A3"": country['alpha3']},""geometry"": {""type"": ""MultiPolygon"",""coordinates"": []}}"
Saint Lucia,LC,LCA,662,13.8833,-61.1333,166637,0,0,0,0,0,{},"{""type"":""Feature"",""properties"": {""ADMIN"": country['country'],""ISO_A3"": country['alpha3']},""geometry"": {""type"": ""MultiPolygon"",""coordinates"": []}}"
Saint Pierre and Miquelon,PM,SPM,666,46.8333,-56.3333,5321,1,0.000187935,0.187934599,1.879345988,18.79345988,0.187934599,"{""type"":""Feature"",""properties"": {""ADMIN"": country['country'],""ISO_A3"": country['alpha3']},""geometry"": {""type"": ""MultiPolygon"",""coordinates"": []}}"
Saint Vincent and the Grenadines,VC,VCT,670,13.25,-61.2,101145,0,0,0,0,0,{},"{""type"":""Feature"",""properties"": {""ADMIN"": country['country'],""ISO_A3"": country['alpha3']},""geometry"": {""type"": ""MultiPolygon"",""coordinates"": []}}"
Samoa,WS,WSM,882,-13.5833,-172.3333,204898,0,0,0,0,0,{},"{""type"":""Feature"",""properties"": {""ADMIN"": country['country'],""ISO_A3"": country['alpha3']},""geometry"": {""type"": ""MultiPolygon"",""coordinates"": []}}"
San Marino,SM,SMR,674,43.7667,12.4167,34467,4,0.000116053,0.116053036,1.160530362,11.60530362,0.116053036,"{""type"":""Feature"",""properties"": {""ADMIN"": country['country'],""ISO_A3"": country['alpha3']},""geometry"": {""type"": ""MultiPolygon"",""coordinates"": []}}"
Sao Tome and Principe,ST,STP,678,1,7,213948,0,0,0,0,0,{},"{""type"":""Feature"",""properties"": {""ADMIN"": country['country'],""ISO_A3"": country['alpha3']},""geometry"": {""type"": ""MultiPolygon"",""coordinates"": []}}"
Saudi Arabia,SA,SAU,682,25,45,34783757,15,4.31E-07,0.000431236,0.004312358,0.043123576,0.000431236,"{""type"":""Feature"",""properties"": {""ADMIN"": country['country'],""ISO_A3"": country['alpha3']},""geometry"": {""type"": ""MultiPolygon"",""coordinates"": []}}"
Senegal,SN,SEN,686,14,-14,17462980,0,0,0,0,0,{},"{""type"":""Feature"",""properties"": {""ADMIN"": country['country'],""ISO_A3"": country['alpha3']},""geometry"": {""type"": ""MultiPolygon"",""coordinates"": []}}"
Serbia,RS,SRB,688,44,21,6796857,495,7.28E-05,0.072827779,0.728277791,7.282777907,0.072827779,"{""type"":""Feature"",""properties"": {""ADMIN"": country['country'],""ISO_A3"": country['alpha3']},""geometry"": {""type"": ""MultiPolygon"",""coordinates"": []}}"
Seychelles,SC,SYC,690,-4.5833,55.6667,96387,0,0,0,0,0,{},"{""type"":""Feature"",""properties"": {""ADMIN"": country['country'],""ISO_A3"": country['alpha3']},""geometry"": {""type"": ""MultiPolygon"",""coordinates"": []}}"
Sierra Leone,SL,SLE,694,8.5,-11.5,8475149,0,0,0,0,0,{},"{""type"":""Feature"",""properties"": {""ADMIN"": country['country'],""ISO_A3"": country['alpha3']},""geometry"": {""type"": ""MultiPolygon"",""coordinates"": []}}"
Singapore,SG,SGP,702,1.3667,103.8,5866139,300,5.11E-05,0.051140963,0.511409634,5.114096342,0.051140963,"{""type"":""Feature"",""properties"": {""ADMIN"": country['country'],""ISO_A3"": country['alpha3']},""geometry"": {""type"": ""MultiPolygon"",""coordinates"": []}}"
Slovakia,SK,SVK,703,48.6667,19.5,5436066,672,0.000123619,0.123618808,1.236188082,12.36188082,0.123618808,"{""type"":""Feature"",""properties"": {""ADMIN"": country['country'],""ISO_A3"": country['alpha3']},""geometry"": {""type"": ""MultiPolygon"",""coordinates"": []}}"
Slovenia,SI,SVN,705,46,15,2102106,314,0.000149374,0.149374009,1.493740087,14.93740087,0.149374009,"{""type"":""Feature"",""properties"": {""ADMIN"": country['country'],""ISO_A3"": country['alpha3']},""geometry"": {""type"": ""MultiPolygon"",""coordinates"": []}}"
Solomon Islands,SB,SLB,90,-8,159,690598,0,0,0,0,0,{},"{""type"":""Feature"",""properties"": {""ADMIN"": country['country'],""ISO_A3"": country['alpha3']},""geometry"": {""type"": ""MultiPolygon"",""coordinates"": []}}"
Somalia,SO,SOM,706,10,49,12094640,0,0,0,0,0,{},"{""type"":""Feature"",""properties"": {""ADMIN"": country['country'],""ISO_A3"": country['alpha3']},""geometry"": {""type"": ""MultiPolygon"",""coordinates"": []}}"
South Africa,ZA,ZAF,710,-29,24,56978635,275,4.83E-06,0.00482637,0.048263704,0.482637045,0.00482637,"{""type"":""Feature"",""properties"": {""ADMIN"": country['country'],""ISO_A3"": country['alpha3']},""geometry"": {""type"": ""MultiPolygon"",""coordinates"": []}}"
South Georgia and the South Sandwich Islands,GS,SGS,239,-54.5,-37,0,0,0,0,0,0,{},"{""type"":""Feature"",""properties"": {""ADMIN"": country['country'],""ISO_A3"": country['alpha3']},""geometry"": {""type"": ""MultiPolygon"",""coordinates"": []}}"
Spain,ES,ESP,724,40,-4,47103121,4527,9.61E-05,0.096108281,0.961082812,9.610828123,0.096108281,"{""type"":""Feature"",""properties"": {""ADMIN"": country['country'],""ISO_A3"": country['alpha3']},""geometry"": {""type"": ""MultiPolygon"",""coordinates"": []}}"
Sri Lanka,LK,LKA,144,7,81,23044123,48,2.08E-06,0.002082961,0.020829606,0.208296059,0.002082961,"{""type"":""Feature"",""properties"": {""ADMIN"": country['country'],""ISO_A3"": country['alpha3']},""geometry"": {""type"": ""MultiPolygon"",""coordinates"": []}}"
Sudan,SD,SDN,736,15,30,46751152,0,0,0,0,0,{},"{""type"":""Feature"",""properties"": {""ADMIN"": country['country'],""ISO_A3"": country['alpha3']},""geometry"": {""type"": ""MultiPolygon"",""coordinates"": []}}"
Suriname,SR,SUR,740,4,-56,625420,3,4.80E-06,0.004796777,0.047967766,0.479677657,0.004796777,"{""type"":""Feature"",""properties"": {""ADMIN"": country['country'],""ISO_A3"": country['alpha3']},""geometry"": {""type"": ""MultiPolygon"",""coordinates"": []}}"
Svalbard and Jan Mayen,SJ,SJM,744,78,20,0,0,0,0,0,0,{},"{""type"":""Feature"",""properties"": {""ADMIN"": country['country'],""ISO_A3"": country['alpha3']},""geometry"": {""type"": ""MultiPolygon"",""coordinates"": []}}"
Swaziland,SZ,SWZ,748,-26.5,31.5,1113276,0,0,0,0,0,{},"{""type"":""Feature"",""properties"": {""ADMIN"": country['country'],""ISO_A3"": country['alpha3']},""geometry"": {""type"": ""MultiPolygon"",""coordinates"": []}}"
Sweden,SE,SWE,752,62,15,10432235,5216,0.000499989,0.499988737,4.999887368,49.99887368,0.499988737,"{""type"":""Feature"",""properties"": {""ADMIN"": country['country'],""ISO_A3"": country['alpha3']},""geometry"": {""type"": ""MultiPolygon"",""coordinates"": []}}"
Switzerland,CH,CHE,756,47,8,8453550,1202,0.000142189,0.142188785,1.421887846,14.21887846,0.142188785,"{""type"":""Feature"",""properties"": {""ADMIN"": country['country'],""ISO_A3"": country['alpha3']},""geometry"": {""type"": ""MultiPolygon"",""coordinates"": []}}"
Syrian Arab Republic,SY,SYR,760,35,38,20384316,37,1.82E-06,0.001815121,0.01815121,0.1815121,0.001815121,"{""type"":""Feature"",""properties"": {""ADMIN"": country['country'],""ISO_A3"": country['alpha3']},""geometry"": {""type"": ""MultiPolygon"",""coordinates"": []}}"
"Taiwan, Province of China",TW,TWN,158,23.5,121,23572052,96,4.07E-06,0.00407262,0.040726196,0.407261956,0.00407262,"{""type"":""Feature"",""properties"": {""ADMIN"": country['country'],""ISO_A3"": country['alpha3']},""geometry"": {""type"": ""MultiPolygon"",""coordinates"": []}}"
Tajikistan,TJ,TJK,762,39,71,8990874,6,6.67E-07,0.000667343,0.006673434,0.066734335,0.000667343,"{""type"":""Feature"",""properties"": {""ADMIN"": country['country'],""ISO_A3"": country['alpha3']},""geometry"": {""type"": ""MultiPolygon"",""coordinates"": []}}"
"Tanzania, United Republic of",TZ,TZA,834,-6,35,62092761,0,0,0,0,0,{},"{""type"":""Feature"",""properties"": {""ADMIN"": country['country'],""ISO_A3"": country['alpha3']},""geometry"": {""type"": ""MultiPolygon"",""coordinates"": []}}"
Thailand,TH,THA,764,15,100,69480520,238,3.43E-06,0.003425421,0.034254205,0.342542054,0.003425421,"{""type"":""Feature"",""properties"": {""ADMIN"": country['country'],""ISO_A3"": country['alpha3']},""geometry"": {""type"": ""MultiPolygon"",""coordinates"": []}}"
Timor-Leste,TL,TLS,626,-8.55,125.5167,1413958,1,7.07E-07,0.000707235,0.007072346,0.070723459,0.000707235,"{""type"":""Feature"",""properties"": {""ADMIN"": country['country'],""ISO_A3"": country['alpha3']},""geometry"": {""type"": ""MultiPolygon"",""coordinates"": []}}"
Togo,TG,TGO,768,8,1.1667,8283189,0,0,0,0,0,{},"{""type"":""Feature"",""properties"": {""ADMIN"": country['country'],""ISO_A3"": country['alpha3']},""geometry"": {""type"": ""MultiPolygon"",""coordinates"": []}}"
Tokelau,TK,TKL,772,-9,-172,0,0,0,0,0,0,{},"{""type"":""Feature"",""properties"": {""ADMIN"": country['country'],""ISO_A3"": country['alpha3']},""geometry"": {""type"": ""MultiPolygon"",""coordinates"": []}}"
Tonga,TO,TON,776,-20,-175,105780,0,0,0,0,0,{},"{""type"":""Feature"",""properties"": {""ADMIN"": country['country'],""ISO_A3"": country['alpha3']},""geometry"": {""type"": ""MultiPolygon"",""coordinates"": []}}"
Trinidad and Tobago,TT,TTO,780,11,-61,1403505,9,6.41E-06,0.006412517,0.064125172,0.641251723,0.006412517,"{""type"":""Feature"",""properties"": {""ADMIN"": country['country'],""ISO_A3"": country['alpha3']},""geometry"": {""type"": ""MultiPolygon"",""coordinates"": []}}"
Tunisia,TN,TUN,788,34,9,11811335,32,2.71E-06,0.002709262,0.027092619,0.270926191,0.002709262,"{""type"":""Feature"",""properties"": {""ADMIN"": country['country'],""ISO_A3"": country['alpha3']},""geometry"": {""type"": ""MultiPolygon"",""coordinates"": []}}"
Turkey,TR,TUR,792,39,35,82482383,605,7.33E-06,0.0073349,0.073348996,0.733489962,0.0073349,"{""type"":""Feature"",""properties"": {""ADMIN"": country['country'],""ISO_A3"": country['alpha3']},""geometry"": {""type"": ""MultiPolygon"",""coordinates"": []}}"
Turkmenistan,TM,TKM,795,40,60,5579889,3,5.38E-07,0.000537645,0.005376451,0.05376451,0.000537645,"{""type"":""Feature"",""properties"": {""ADMIN"": country['country'],""ISO_A3"": country['alpha3']},""geometry"": {""type"": ""MultiPolygon"",""coordinates"": []}}"
Turks and Caicos Islands,TC,TCA,796,21.75,-71.5833,57196,0,0,0,0,0,{},"{""type"":""Feature"",""properties"": {""ADMIN"": country['country'],""ISO_A3"": country['alpha3']},""geometry"": {""type"": ""MultiPolygon"",""coordinates"": []}}"
Tuvalu,TV,TUV,798,-8,178,11448,0,0,0,0,0,{},"{""type"":""Feature"",""properties"": {""ADMIN"": country['country'],""ISO_A3"": country['alpha3']},""geometry"": {""type"": ""MultiPolygon"",""coordinates"": []}}"
Uganda,UG,UGA,800,1,32,44712143,3,6.71E-08,6.71E-05,0.000670959,0.006709587,6.71E-05,"{""type"":""Feature"",""properties"": {""ADMIN"": country['country'],""ISO_A3"": country['alpha3']},""geometry"": {""type"": ""MultiPolygon"",""coordinates"": []}}"
Ukraine,UA,UKR,804,49,32,43745640,1222,2.79E-05,0.027934212,0.279342124,2.793421242,0.027934212,"{""type"":""Feature"",""properties"": {""ADMIN"": country['country'],""ISO_A3"": country['alpha3']},""geometry"": {""type"": ""MultiPolygon"",""coordinates"": []}}"
United Arab Emirates,AE,ARE,784,24,54,9856612,32,3.25E-06,0.003246552,0.032465517,0.324655165,0.003246552,"{""type"":""Feature"",""properties"": {""ADMIN"": country['country'],""ISO_A3"": country['alpha3']},""geometry"": {""type"": ""MultiPolygon"",""coordinates"": []}}"
United Kingdom,GB,GBR,826,54,-2,67419123,6311,9.36E-05,0.093608456,0.936084559,9.360845587,0.093608456,"{""type"":""Feature"",""properties"": {""ADMIN"": country['country'],""ISO_A3"": country['alpha3']},""geometry"": {""type"": ""MultiPolygon"",""coordinates"": []}}"
United States,US,USA,840,38,-97,334998398,33570,0.000100209,0.100209434,1.002094344,10.02094344,0.100209434,"{""type"":""Feature"",""properties"": {""ADMIN"": country['country'],""ISO_A3"": country['alpha3']},""geometry"": {""type"": ""MultiPolygon"",""coordinates"": [
            [
              [
                [-155.6065189699999, 20.137955566000144],
                [-155.58636330899995, 20.122935923000156],
                [-155.5630978639999, 20.128402875000134],
                [-155.5271939969999, 20.126268986000142],
                [-155.49107825399994, 20.113023179000109],
                [-155.42071461799995, 20.09018548900012],
                [-155.33231277899989, 20.046721443000123],
                [-155.21510593099987, 19.975645397000065],
                [-155.1680427339999, 19.946827215000113],
                [-155.1158533549999, 19.896732304000025],
                [-155.08714118899991, 19.860379834000028],
                [-155.08639926199993, 19.821029192000125],
                [-155.08806150199985, 19.768645245000144],
                [-155.08537090599992, 19.727409311000045],
                [-155.05749289999989, 19.72853043200017],
                [-155.01854407499991, 19.745835679],
                [-154.98992338099987, 19.726707451000053],
                [-154.97667173399986, 19.705757273000089],
                [-154.98004376799992, 19.662806468],
                [-154.96697012699991, 19.636251923000046],
                [-154.94990596099996, 19.611445574000143],
                [-154.8996216029999, 19.567016293000123],
                [-154.84662324899989, 19.54493798599999],
                [-154.82531051999987, 19.527487875000176],
                [-154.81406356599993, 19.506579211000158],
                [-154.8172094389999, 19.479722398000078],
                [-154.82990475199995, 19.464056708],
                [-154.87473623499994, 19.4128841550001],
                [-154.91893221899991, 19.397311606000088],
                [-154.98230051299993, 19.339243956000146],
                [-155.02509518099987, 19.327582098000093],
                [-155.02666307099994, 19.316170953000054],
                [-155.06261297099994, 19.307820063000108],
                [-155.09303142199994, 19.286209597000109],
                [-155.15304103099987, 19.26920424000015],
                [-155.20295757199989, 19.255579602000026],
                [-155.24505936499986, 19.265539102000119],
                [-155.26928137199991, 19.26618159300007],
                [-155.29112743399995, 19.259523502000107],
                [-155.31444461799992, 19.245659319000154],
                [-155.34568688799988, 19.224804655000113],
                [-155.36413604799992, 19.203574675000155],
                [-155.38465847599986, 19.200530529],
                [-155.40014934799996, 19.19368608200007],
                [-155.42259680899991, 19.180121161],
                [-155.4368383449999, 19.169867255000085],
                [-155.48778235599991, 19.142523505000028],
                [-155.50279700399994, 19.13768138200011],
                [-155.54613196499992, 19.098211981000148],
                [-155.55373721199987, 19.081960805000151],
                [-155.55225991599985, 19.045618945000129],
                [-155.57063791699991, 19.02677103000012],
                [-155.60206039099995, 18.997379625000079],
                [-155.61852255699992, 18.955543680000162],
                [-155.6329688079999, 18.940203114000084],
                [-155.65124157199995, 18.926103771000115],
                [-155.67475562399994, 18.906117143000117],
                [-155.68354392699985, 18.911156771],
                [-155.68293237999987, 18.932886390000149],
                [-155.70416670299988, 18.949084649000056],
                [-155.74441443899988, 18.969342794000127],
                [-155.7921707599999, 18.996975708000051],
                [-155.81725325599984, 19.013230752000041],
                [-155.85913308999989, 19.023812411],
                [-155.87812988099995, 19.029072187000068],
                [-155.88404725599992, 19.047294619000027],
                [-155.89104864799992, 19.06565446400019],
                [-155.9039060719999, 19.069459068000029],
                [-155.91213327199992, 19.096188743000184],
                [-155.91993046899989, 19.138600656000065],
                [-155.90838559699989, 19.188985774000017],
                [-155.88553045399988, 19.334156958000065],
                [-155.8873739849999, 19.359568177000128],
                [-155.90088906099984, 19.382749774000061],
                [-155.91295857999989, 19.414314596000153],
                [-155.9294909489999, 19.461815958000059],
                [-155.9365777139999, 19.481310354000087],
                [-155.9464478779999, 19.493611062000113],
                [-155.95638810199989, 19.51423606200008],
                [-155.95396887899992, 19.536078192000119],
                [-155.96563582999988, 19.556630668000039],
                [-155.97136530099993, 19.57969801300014],
                [-155.98219719499991, 19.607674731000159],
                [-155.99952439699985, 19.632179407000152],
                [-156.0147840799999, 19.643355435],
                [-156.0362551449999, 19.667935486000104],
                [-156.06016392799989, 19.731220553000085],
                [-156.05016028599988, 19.759507554000109],
                [-156.03880774599989, 19.783148505000057],
                [-156.01744544199994, 19.801092841000084],
                [-155.99677486899992, 19.814439195000105],
                [-155.98749752499995, 19.824367580000015],
                [-155.98204505099991, 19.843329169000029],
                [-155.96796627499987, 19.854234117000104],
                [-155.92601477799991, 19.868801174000126],
                [-155.90583248599995, 19.902044989000117],
                [-155.89586341099988, 19.913478908000101],
                [-155.87340187899991, 19.951321249000088],
                [-155.85090084499987, 19.975287177],
                [-155.83545761799991, 19.975703442000068],
                [-155.82832005199992, 20.006960726000031],
                [-155.82408327899992, 20.020092445000117],
                [-155.83106861599995, 20.039371950000046],
                [-155.84770986799992, 20.054519035000013],
                [-155.88255598299989, 20.104942986000182],
                [-155.89698043199991, 20.148846149000079],
                [-155.89936275899996, 20.184068101000079],
                [-155.89927049299985, 20.216690077000138],
                [-155.88048255099994, 20.25202057500006],
                [-155.86724216199988, 20.263132036000158],
                [-155.8311292439999, 20.263429107000135],
                [-155.76606197799993, 20.249172268],
                [-155.7379858059999, 20.243801174000126],
                [-155.73261471299995, 20.238836981000091],
                [-155.72919674399992, 20.231350002000127],
                [-155.72801673099991, 20.22162506700009],
                [-155.71166938899995, 20.196149105000089],
                [-155.67334951599986, 20.18166990800016],
                [-155.64813054199993, 20.168006393],
                [-155.6306535799999, 20.14821166600008],
                [-155.6065189699999, 20.137955566000144]
              ]
            ],
            [
              [
                [-156.53412841099995, 20.53178747600019],
                [-156.54455506199989, 20.513216689],
                [-156.57291864099986, 20.512983613000173],
                [-156.59951072899992, 20.517403037000079],
                [-156.61886799899986, 20.51380849100012],
                [-156.64649851699988, 20.508083848000027],
                [-156.67926130299986, 20.504712932000089],
                [-156.70056182399986, 20.525426565000132],
                [-156.68845790499989, 20.54010440800009],
                [-156.66715906599995, 20.557717171000135],
                [-156.63914954299995, 20.575140692000062],
                [-156.60881453599993, 20.591045980000061],
                [-156.58262141199992, 20.599956701000067],
                [-156.56177406499995, 20.598007555],
                [-156.53656993599992, 20.570942072000136],
                [-156.54976751199985, 20.541472931000058],
                [-156.53412841099995, 20.53178747600019]
              ]
            ],
            [
              [
                [-156.91373752699985, 20.734724091000047],
                [-156.96228010299996, 20.732387730000184],
                [-156.98238614499988, 20.759414015000075],
                [-156.98707869399993, 20.782873410000022],
                [-156.98835201699995, 20.801459052],
                [-156.98859615799989, 20.824937242000047],
                [-156.99213619699987, 20.846340236000017],
                [-157.00922416399993, 20.855880059000114],
                [-157.05080962099993, 20.871405682000116],
                [-157.06313605799994, 20.890386641000148],
                [-157.0552136019999, 20.911371030000012],
                [-157.03155096099994, 20.922717910000145],
                [-156.99041420499995, 20.92750878700015],
                [-156.89271962499987, 20.914141356000172],
                [-156.84837805899991, 20.876817124000141],
                [-156.84833736899992, 20.876776434000149],
                [-156.8326722349999, 20.860743402000153],
                [-156.81633843299988, 20.841704170000028],
                [-156.8057973089999, 20.825107881000136],
                [-156.80353909899995, 20.812564416000143],
                [-156.80973133099991, 20.795479580000162],
                [-156.83125712899988, 20.76380716600012],
                [-156.87677473499991, 20.744265284000065],
                [-156.91373752699985, 20.734724091000047]
              ]
            ],
            [
              [
                [-156.5895997049999, 21.027738813000113],
                [-156.58138591199994, 21.018149872000137],
                [-156.57141335699993, 21.016456133000148],
                [-156.5556655389999, 21.008334336000146],
                [-156.5423677259999, 21.003389588000019],
                [-156.53752482799985, 20.990651662000076],
                [-156.52588858099986, 20.987321553000143],
                [-156.52287490899991, 20.974045307000083],
                [-156.52304721899986, 20.962198095000119],
                [-156.50914097399988, 20.950296330000086],
                [-156.50018910099988, 20.937583783000107],
                [-156.4929928709999, 20.921798275000171],
                [-156.48167155199991, 20.904397075000034],
                [-156.4640708309999, 20.905623498000082],
                [-156.45292111799989, 20.917917610000146],
                [-156.43370520699989, 20.917710679],
                [-156.41881262899994, 20.92011139500012],
                [-156.38963782499991, 20.921535549000012],
                [-156.37848873599989, 20.923976955000128],
                [-156.34642493399991, 20.945868231000148],
                [-156.33067786399994, 20.951239325000031],
                [-156.31541907499988, 20.952948309000035],
                [-156.29832923099991, 20.952704169000086],
                [-156.28193111899992, 20.95026276200015],
                [-156.26862545499989, 20.945054429000052],
                [-156.26439368399988, 20.944525458000086],
                [-156.26097571499986, 20.943670966000084],
                [-156.25812740799992, 20.941595770000063],
                [-156.25556393099993, 20.937648830000072],
                [-156.24290930899986, 20.941555080000072],
                [-156.22687740799986, 20.931952216000084],
                [-156.22184474599993, 20.920337186000054],
                [-156.2152814099999, 20.914727596000191],
                [-156.20722408799992, 20.906887111000103],
                [-156.19725501199991, 20.895005601000051],
                [-156.1791918619999, 20.883483182000035],
                [-156.1660884019999, 20.871480968000142],
                [-156.16476024499991, 20.862786357000076],
                [-156.15298963099985, 20.861794009000121],
                [-156.14793578899986, 20.861703227000177],
                [-156.14442314199994, 20.867117877000098],
                [-156.13126936199987, 20.857453126000152],
                [-156.12572920899996, 20.84404131200013],
                [-156.11928101799987, 20.83607094500006],
                [-156.08498917899993, 20.831451060000163],
                [-156.05100864999989, 20.815863260000143],
                [-156.00169837099986, 20.800441799000126],
                [-155.97955290999988, 20.75737428000015],
                [-155.98469586899986, 20.717591061000164],
                [-156.00313353899986, 20.685897726000107],
                [-156.02774049999988, 20.679366243000132],
                [-156.04842299899991, 20.650887888000071],
                [-156.07540389099989, 20.650671537000122],
                [-156.12950442099995, 20.624472917000119],
                [-156.1654377909999, 20.625236032000103],
                [-156.18542284299986, 20.627220377000171],
                [-156.20382981299991, 20.626042974000185],
                [-156.2536937, 20.604422509000088],
                [-156.2848926609999, 20.588638968000126],
                [-156.30259380399991, 20.581179336],
                [-156.32671484399995, 20.58717147800003],
                [-156.33588976699986, 20.588152080000086],
                [-156.35251305299985, 20.592428506000047],
                [-156.36546790299991, 20.588771877000013],
                [-156.40765319499985, 20.587206654000013],
                [-156.43548837399993, 20.611975966000145],
                [-156.43858219499992, 20.622197897000191],
                [-156.45166446099995, 20.63573788500004],
                [-156.44314285199988, 20.642601544000129],
                [-156.44274998099991, 20.660569389000088],
                [-156.45048158399985, 20.726380496000061],
                [-156.4584408599999, 20.744517032000104],
                [-156.45799181699988, 20.764835405000113],
                [-156.4643194, 20.781383147000085],
                [-156.46842699399988, 20.784587664000085],
                [-156.47533118399986, 20.790838934000064],
                [-156.48572697499992, 20.796661417000152],
                [-156.50163109999988, 20.796191426000078],
                [-156.5158802169999, 20.790087373000134],
                [-156.52130121699992, 20.776241299000063],
                [-156.53389852599994, 20.77413896000003],
                [-156.54863395999985, 20.782110580000122],
                [-156.5627259899999, 20.791837343000154],
                [-156.58448244099992, 20.795452386000036],
                [-156.60597574799988, 20.808377251000152],
                [-156.62023427199995, 20.807088095000083],
                [-156.63325604899993, 20.823737830000127],
                [-156.65705276599988, 20.847660821000133],
                [-156.68490668399988, 20.88188777800012],
                [-156.68613317699993, 20.903822015000159],
                [-156.69600919699985, 20.915801977000072],
                [-156.69226011899991, 20.936102735000034],
                [-156.68587926799989, 20.964236004000057],
                [-156.67683844499987, 20.987970972000042],
                [-156.66646901099986, 21.003438187000043],
                [-156.65384959699986, 21.004755317000118],
                [-156.64537512899992, 21.013373114000146],
                [-156.64484615799995, 21.021185614000146],
                [-156.63579034399993, 21.027124270000073],
                [-156.62658104699989, 21.026161960000124],
                [-156.61567959199988, 21.025149976000066],
                [-156.60725533099986, 21.02734320500015],
                [-156.60381995499995, 21.031992488000085],
                [-156.59792931399988, 21.032653273000122],
                [-156.5895997049999, 21.027738813000113]
              ]
            ],
            [
              [
                [-157.24884316499993, 21.221710607000105],
                [-157.23292649099986, 21.219116956],
                [-157.2094130669999, 21.22032303800016],
                [-157.19689789399993, 21.217014816000173],
                [-157.18868434699988, 21.20514185200004],
                [-157.17357337099986, 21.205145575000145],
                [-157.07908404799991, 21.191713201000042],
                [-157.02807949199985, 21.184613902000095],
                [-156.98973548099991, 21.182847398000135],
                [-156.9818082299999, 21.194046789000041],
                [-156.9807888819999, 21.203420475000158],
                [-156.97561460899988, 21.21114839600007],
                [-156.96576900899996, 21.213324286000088],
                [-156.95241029999988, 21.196706858000042],
                [-156.94775751799986, 21.17784986000008],
                [-156.92523310899995, 21.171244980000083],
                [-156.89704547199986, 21.165191023000105],
                [-156.8466796429999, 21.166728943000081],
                [-156.82465843799986, 21.169547648000062],
                [-156.81063546099995, 21.173875442000124],
                [-156.80031220099994, 21.177676245],
                [-156.7917916099999, 21.176027903000048],
                [-156.77351917599987, 21.177205020000102],
                [-156.75949604599992, 21.173010679000143],
                [-156.74901282499991, 21.170965887000179],
                [-156.73900602599991, 21.172761014000017],
                [-156.73320843199991, 21.16875073700011],
                [-156.7359206109999, 21.164081597000134],
                [-156.7291496499999, 21.16086442700005],
                [-156.7131762789999, 21.161368156],
                [-156.70572493599994, 21.156542963000064],
                [-156.72484290299991, 21.123724677000112],
                [-156.75560462099992, 21.095526434000035],
                [-156.79340572799995, 21.075873114000089],
                [-156.83100338399993, 21.061102606000091],
                [-156.86957760299993, 21.053371486000103],
                [-156.90855872299989, 21.057033596000124],
                [-156.94740522599994, 21.064542367000129],
                [-157.02491686599993, 21.083778732000056],
                [-157.07237381099989, 21.099381265000048],
                [-157.1403200339999, 21.094190171000051],
                [-157.18727032999988, 21.091781320000152],
                [-157.22257156099994, 21.086839234000152],
                [-157.25096594999985, 21.088446356000176],
                [-157.27306067599994, 21.087347723000121],
                [-157.29259192599994, 21.09471263200011],
                [-157.30394446499992, 21.109564520000092],
                [-157.30426998599992, 21.128241278000147],
                [-157.29645748599995, 21.14394765800013],
                [-157.28538977799991, 21.156073309000035],
                [-157.26739101999988, 21.162541775000093],
                [-157.25116331999988, 21.180283960000125],
                [-157.24663354699987, 21.199756865000083],
                [-157.25903621999987, 21.214829310000155],
                [-157.25975904299992, 21.221879885000092],
                [-157.24884316499993, 21.221710607000105]
              ]
            ],
            [
              [
                [-157.89376363699989, 21.598381702000111],
                [-157.88750281799986, 21.580882287000023],
                [-157.8767276989999, 21.575407705000103],
                [-157.87392491499989, 21.569342261000159],
                [-157.87118099399987, 21.557916087000038],
                [-157.86357947599993, 21.559794776000061],
                [-157.85350021399989, 21.556339744000084],
                [-157.84593665299988, 21.548041083000115],
                [-157.83644887699992, 21.53404933700007],
                [-157.83631292, 21.518645190000157],
                [-157.8363920599999, 21.511270328000037],
                [-157.8443739359999, 21.51135989400008],
                [-157.84952495499988, 21.505384343000017],
                [-157.84756049099994, 21.488600903000034],
                [-157.84551836299991, 21.477849332000133],
                [-157.84212735599991, 21.461048946000133],
                [-157.83276505899994, 21.458257287],
                [-157.82051899099991, 21.453415894000088],
                [-157.81126826999986, 21.441904753000031],
                [-157.80351289399988, 21.429072422],
                [-157.78836591399994, 21.424186643000056],
                [-157.78632353499989, 21.416788890000092],
                [-157.77622749499994, 21.413305523000091],
                [-157.76961904799992, 21.420603638000088],
                [-157.76004992299988, 21.433234324000026],
                [-157.77511743199994, 21.442812471000096],
                [-157.7735245, 21.454198992000116],
                [-157.76261822499993, 21.458764241000111],
                [-157.73805525299991, 21.45578118900012],
                [-157.72570752699994, 21.458985098000184],
                [-157.72292086099995, 21.451569411000079],
                [-157.73761959499996, 21.437689520000148],
                [-157.74054928299986, 21.419582424000126],
                [-157.73870430699989, 21.40545104600001],
                [-157.72217799199996, 21.395840616000115],
                [-157.70930420299987, 21.383587533000068],
                [-157.70579993399991, 21.374904690000093],
                [-157.71030534399992, 21.363460849000106],
                [-157.70682445899985, 21.351995194],
                [-157.69614600699987, 21.336397484000045],
                [-157.67448333499993, 21.322944104000058],
                [-157.65359865699986, 21.312566109000088],
                [-157.64716739499985, 21.30643147799999],
                [-157.65888409699994, 21.293833358000185],
                [-157.68370671799988, 21.272686860000036],
                [-157.6932116509999, 21.262742044],
                [-157.70407609699993, 21.259530437000123],
                [-157.7075988739999, 21.265616065000032],
                [-157.70676233299986, 21.27500557600014],
                [-157.71534558399995, 21.281838803000099],
                [-157.7421010399999, 21.275470596000062],
                [-157.76381402399994, 21.273104395000033],
                [-157.78188350399995, 21.264573042000066],
                [-157.7949652599999, 21.254663326000113],
                [-157.81081788899991, 21.254189924000016],
                [-157.81797924399993, 21.257634826000029],
                [-157.82292181999986, 21.266425639000047],
                [-157.83071368299994, 21.27725756700012],
                [-157.86367396299994, 21.290393167],
                [-157.8801364899999, 21.297962188000113],
                [-157.89075965599989, 21.31284138700012],
                [-157.89496713899993, 21.322282812000154],
                [-157.89487635299986, 21.331684863000035],
                [-157.9020860119999, 21.328389783000162],
                [-157.91517993799988, 21.316466487000028],
                [-157.90523856199991, 21.305631189000124],
                [-157.94700349599989, 21.30274280100015],
                [-157.94622891099993, 21.307427894000014],
                [-157.9404350289999, 21.310716966000129],
                [-157.94827431099989, 21.316833192],
                [-157.9641068139999, 21.316334539000039],
                [-157.96470917399989, 21.326398306000058],
                [-157.96749261199992, 21.334473519000127],
                [-157.96525828199987, 21.341151686000146],
                [-157.96806197399985, 21.347886951000177],
                [-157.95720876099989, 21.352459097000022],
                [-157.94708624499992, 21.357040236000088],
                [-157.93621674399992, 21.362954478000049],
                [-157.93184539099991, 21.371662369000134],
                [-157.94395141999988, 21.38048656800008],
                [-157.95396126799989, 21.384601207000074],
                [-157.96092688699986, 21.388820705000157],
                [-157.96547513999985, 21.384727590000139],
                [-157.9692099559999, 21.372021640000114],
                [-157.97779206299987, 21.376131111000049],
                [-157.98562574499994, 21.384953133000167],
                [-157.99133203299994, 21.39107259500004],
                [-157.9907292129999, 21.37761230800011],
                [-157.98443137499987, 21.362129081000049],
                [-157.98950627199994, 21.358831482000042],
                [-158.01161218099986, 21.376504880000041],
                [-158.02017355399994, 21.383313164000086],
                [-158.01314913299996, 21.367118178000013],
                [-157.99679613699988, 21.350871245000079],
                [-157.98467730399989, 21.341359223000083],
                [-157.97541306299985, 21.333886618000136],
                [-157.98062699899987, 21.318520933000016],
                [-157.99869171199992, 21.311337541000128],
                [-158.02246892799985, 21.307561571000079],
                [-158.05923422299992, 21.299886721000107],
                [-158.07795200699991, 21.298060788],
                [-158.09430904899989, 21.293605861000103],
                [-158.0988663399999, 21.29539622599999],
                [-158.10338294199988, 21.299261786],
                [-158.11526798899988, 21.305121421000152],
                [-158.12423623599994, 21.338739434000118],
                [-158.13471880199995, 21.36565543100015],
                [-158.14823284999989, 21.381164271],
                [-158.15743577799992, 21.394653557000041],
                [-158.17605225799988, 21.403530111000137],
                [-158.1808024689999, 21.430369488000125],
                [-158.18712001199992, 21.444498301000138],
                [-158.20495396399988, 21.458727823000018],
                [-158.21567735699995, 21.465522252000156],
                [-158.22760032299988, 21.483046969000114],
                [-158.22812101299988, 21.50379942300016],
                [-158.22932219099988, 21.53260499000011],
                [-158.23595130099991, 21.541571356000119],
                [-158.2789330139999, 21.575264710000098],
                [-158.27241910499995, 21.57855903700009],
                [-158.23633824399985, 21.584940710000083],
                [-158.19381632199992, 21.587236919000091],
                [-158.16573744699988, 21.585642587000066],
                [-158.14916452499989, 21.586158946000168],
                [-158.13658606699991, 21.589300848000065],
                [-158.12107246399989, 21.585894982000084],
                [-158.1176244779999, 21.598089911000116],
                [-158.11294638399988, 21.603906081000147],
                [-158.09481973799987, 21.613784087000155],
                [-158.07378391899994, 21.62895772200001],
                [-158.06578551699994, 21.635574412],
                [-158.06720943899987, 21.641424872000087],
                [-158.06004798099991, 21.652492580000128],
                [-158.05060787699989, 21.671291408000101],
                [-158.03534908799992, 21.683417059000178],
                [-158.01444510999988, 21.70149857600002],
                [-157.98264568699994, 21.709850429000042],
                [-157.96965529599987, 21.709060736000183],
                [-157.9624325199999, 21.705012456000148],
                [-157.95673242399994, 21.698922024000083],
                [-157.95018469999985, 21.690619208000115],
                [-157.93391224699985, 21.677897515],
                [-157.9333265649999, 21.667164656000139],
                [-157.92468551199991, 21.663071172000016],
                [-157.92409174999989, 21.654339816000018],
                [-157.91553391999986, 21.645539785000139],
                [-157.92018111099989, 21.627451070000134],
                [-157.90732561499991, 21.61059113600011],
                [-157.89376363699989, 21.598381702000111]
              ]
            ],
            [
              [
                [-160.19824030599992, 21.783883779000107],
                [-160.2112848899999, 21.78020946300002],
                [-160.22435918699989, 21.789242828000127],
                [-160.23546612199988, 21.792821383],
                [-160.24803626199986, 21.828029690000037],
                [-160.24546260599993, 21.850839125000093],
                [-160.23442352399994, 21.874455639000033],
                [-160.1953828299999, 21.912044980000147],
                [-160.16402566999989, 21.934468024000026],
                [-160.12361967199985, 21.956295877000159],
                [-160.11726442399993, 21.969641516000095],
                [-160.11273897399991, 21.981737514000045],
                [-160.11375891799995, 22.000230210000055],
                [-160.11375891799995, 22.00027090100015],
                [-160.09586249399987, 22.007756812000125],
                [-160.07889226299989, 22.007177039000013],
                [-160.05996362099992, 22.000562970000161],
                [-160.05143635199994, 21.983050251000023],
                [-160.0598785059999, 21.97397199300012],
                [-160.07223035599995, 21.959452650000131],
                [-160.07953854099986, 21.937892971000096],
                [-160.07221432199995, 21.910834052000055],
                [-160.08524609099987, 21.893535615000175],
                [-160.10253417899989, 21.886283768000013],
                [-160.11748621399988, 21.87839775500008],
                [-160.13634066499992, 21.872917581000152],
                [-160.15866236199992, 21.859563610000052],
                [-160.17167726999986, 21.848648381000103],
                [-160.17946091099986, 21.833515584000068],
                [-160.19102942599989, 21.804673570000105],
                [-160.19824030599992, 21.783883779000107]
              ]
            ],
            [
              [
                [-159.38818451899994, 22.2287890140001],
                [-159.37375531899986, 22.222087383000101],
                [-159.35786585499994, 22.222729077000068],
                [-159.33873450399989, 22.213039455000015],
                [-159.33122478599992, 22.197941195000013],
                [-159.31867428299995, 22.185777085000112],
                [-159.31181198699988, 22.184503118000137],
                [-159.30757581499995, 22.17109365400016],
                [-159.3046578299999, 22.161103188000155],
                [-159.30134029899986, 22.151068427000055],
                [-159.30125891799989, 22.151027736000074],
                [-159.29279537699995, 22.146429755000113],
                [-159.29259192599989, 22.135565497000144],
                [-159.29470434299986, 22.107627229000101],
                [-159.30414101699989, 22.095614122000157],
                [-159.3186942699999, 22.057559847000149],
                [-159.33317555799985, 22.049568974000053],
                [-159.33466549399995, 22.021551825000031],
                [-159.33165442599994, 22.004055080000072],
                [-159.33063717399989, 21.984767971000124],
                [-159.33173580599993, 21.966131903000147],
                [-159.33412758899993, 21.958057444000147],
                [-159.34789362499993, 21.95810694800015],
                [-159.35912242299989, 21.952900339000124],
                [-159.35161538699995, 21.945454166000061],
                [-159.3478623199999, 21.936710490000124],
                [-159.35364288499994, 21.930043921],
                [-159.3654097729999, 21.930833024000108],
                [-159.3824924729999, 21.917418699000066],
                [-159.38971852, 21.905410184000075],
                [-159.3983722239999, 21.898077845000117],
                [-159.4149617599999, 21.888098166000034],
                [-159.41641107, 21.880747968000108],
                [-159.4272267209999, 21.879446927000018],
                [-159.4337168499999, 21.87411696],
                [-159.43731532299995, 21.868769246000014],
                [-159.48192211399987, 21.883546646000028],
                [-159.50926553599993, 21.886252262000156],
                [-159.52961755099989, 21.885651034000162],
                [-159.56755455399988, 21.893029933000079],
                [-159.5819486289999, 21.894351836000013],
                [-159.5905749049999, 21.901714646000116],
                [-159.5948922769999, 21.900387702],
                [-159.59634123099988, 21.893698927000102],
                [-159.6049786939999, 21.891702540000111],
                [-159.61000958199989, 21.899719360000134],
                [-159.62296792799992, 21.905057252000105],
                [-159.63448238799992, 21.91374781899999],
                [-159.64166464199988, 21.923107138000162],}}"
United States Minor Outlying Islands,UM,UMI,581,19.2833,166.6,0,0,0,0,0,0,{},"{""type"":""Feature"",""properties"": {""ADMIN"": country['country'],""ISO_A3"": country['alpha3']},""geometry"": {""type"": ""MultiPolygon"",""coordinates"": []}}"
Uruguay,UY,URY,858,-33,-56,3398239,225,6.62E-05,0.066210764,0.662107639,6.621076387,0.066210764,"{""type"":""Feature"",""properties"": {""ADMIN"": country['country'],""ISO_A3"": country['alpha3']},""geometry"": {""type"": ""MultiPolygon"",""coordinates"": []}}"
Uzbekistan,UZ,UZB,860,41,64,30842796,12,3.89E-07,0.00038907,0.003890698,0.038906978,0.00038907,"{""type"":""Feature"",""properties"": {""ADMIN"": country['country'],""ISO_A3"": country['alpha3']},""geometry"": {""type"": ""MultiPolygon"",""coordinates"": []}}"
Vanuatu,VU,VUT,548,-16,167,303009,0,0,0,0,0,{},"{""type"":""Feature"",""properties"": {""ADMIN"": country['country'],""ISO_A3"": country['alpha3']},""geometry"": {""type"": ""MultiPolygon"",""coordinates"": []}}"
"Venezuela, Bolivarian Republic of",VE,VEN,862,8,-66,29069153,499,1.72E-05,0.017165963,0.171659628,1.716596283,0.017165963,"{""type"":""Feature"",""properties"": {""ADMIN"": country['country'],""ISO_A3"": country['alpha3']},""geometry"": {""type"": ""MultiPolygon"",""coordinates"": []}}"
Viet Nam,VN,VNM,704,16,106,102789598,51,4.96E-07,0.000496159,0.004961592,0.049615915,0.000496159,"{""type"":""Feature"",""properties"": {""ADMIN"": country['country'],""ISO_A3"": country['alpha3']},""geometry"": {""type"": ""MultiPolygon"",""coordinates"": []}}"
"Virgin Islands, British",VG,VGB,92,18.5,-64.5,37891,0,0,0,0,0,{},"{""type"":""Feature"",""properties"": {""ADMIN"": country['country'],""ISO_A3"": country['alpha3']},""geometry"": {""type"": ""MultiPolygon"",""coordinates"": []}}"
"Virgin Islands, U.S.",VI,VIR,850,18.3333,-64.8333,105870,1,9.45E-06,0.009445546,0.094455464,0.944554642,0.009445546,"{""type"":""Feature"",""properties"": {""ADMIN"": country['country'],""ISO_A3"": country['alpha3']},""geometry"": {""type"": ""MultiPolygon"",""coordinates"": []}}"
Wallis and Futuna,WF,WLF,876,-13.3,-176.2,15851,0,0,0,0,0,{},"{""type"":""Feature"",""properties"": {""ADMIN"": country['country'],""ISO_A3"": country['alpha3']},""geometry"": {""type"": ""MultiPolygon"",""coordinates"": []}}"
Western Sahara,EH,ESH,732,24.5,-13,0,0,0,0,0,0,{},"{""type"":""Feature"",""properties"": {""ADMIN"": country['country'],""ISO_A3"": country['alpha3']},""geometry"": {""type"": ""MultiPolygon"",""coordinates"": []}}"
Yemen,YE,YEM,887,15,48,30399243,0,0,0,0,0,{},"{""type"":""Feature"",""properties"": {""ADMIN"": country['country'],""ISO_A3"": country['alpha3']},""geometry"": {""type"": ""MultiPolygon"",""coordinates"": []}}"
Zambia,ZM,ZMB,894,-15,30,19077816,0,0,0,0,0,{},"{""type"":""Feature"",""properties"": {""ADMIN"": country['country'],""ISO_A3"": country['alpha3']},""geometry"": {""type"": ""MultiPolygon"",""coordinates"": []}}"
Zimbabwe,ZW,ZWE,716,-20,30,14829988,2,1.35E-07,0.000134862,0.001348619,0.013486188,0.000134862,"{""type"":""Feature"",""properties"": {""ADMIN"": country['country'],""ISO_A3"": country['alpha3']},""geometry"": {""type"": ""MultiPolygon"",""coordinates"": []}}"
Afghanistan,AF,AFG,4,33,65,37466414,2,5.34E-08,5.34E-05,0.000533811,0.005338114,5.34E-05,"{""type"":""Feature"",""properties"": {""ADMIN"": country['country'],""ISO_A3"": country['alpha3']},""geometry"": {""type"": ""MultiPolygon"",""coordinates"": []}}"
International,XX,XXX,1000,32.819259,-42.161761,0,0,0,0,0,0,{},"{""type"":""Feature"",""properties"": {""ADMIN"": country['country'],""ISO_A3"": country['alpha3']},""geometry"": {""type"": ""MultiPolygon"",""coordinates"": []}}"
Unknown,ZZ,ZZZ,1001,32.819259,-42.161761,0,0,0,0,0,0,{},"{""type"":""Feature"",""properties"": {""ADMIN"": country['country'],""ISO_A3"": country['alpha3']},""geometry"": {""type"": ""MultiPolygon"",""coordinates"": []}}"