[
  {
    "country": "Finland",
    "alpha2": "FI",
    "alpha3": "FIN",
    "numeric": 246,
    "latitude": 64,
    "longitude": 26,
    "totalPopulation": 5587442,
    "totalBands": 4468,
    "bandsPerCapita": 0.0007996503587867221,
    "bandsPer1000People": 0.7996503587867221,
    "bandsPer10kPeople": 7.996503587867221,
    "bandsPer100kPeople": 79.96503587867221,
    "bandsPer1kPeople": 0.7996503587867221,
    "ranking": 1
  },
  {
    "country": "Sweden",
    "alpha2": "SE",
    "alpha3": "SWE",
    "numeric": 752,
    "latitude": 62,
    "longitude": 15,
    "totalPopulation": 10432235,
    "totalBands": 5216,
    "bandsPerCapita": 0.0004999887368334782,
    "bandsPer1000People": 0.4999887368334781,
    "bandsPer10kPeople": 4.9998873683347815,
    "bandsPer100kPeople": 49.99887368334782,
    "bandsPer1kPeople": 0.4999887368334781,
    "ranking": 2
  },
  {
    "country": "Iceland",
    "alpha2": "IS",
    "alpha3": "ISL",
    "numeric": 352,
    "latitude": 65,
    "longitude": -18,
    "totalPopulation": 354234,
    "totalBands": 177,
    "bandsPerCapita": 0.0004996697098528091,
    "bandsPer1000People": 0.4996697098528092,
    "bandsPer10kPeople": 4.996697098528092,
    "bandsPer100kPeople": 49.966970985280916,
    "bandsPer1kPeople": 0.4996697098528092,
    "ranking": 3
  },
  {
    "country": "Norway",
    "alpha2": "NO",
    "alpha3": "NOR",
    "numeric": 578,
    "latitude": 62,
    "longitude": 10,
    "totalPopulation": 5509591,
    "totalBands": 1996,
    "bandsPerCapita": 0.0003622773450878659,
    "bandsPer1000People": 0.36227734508786585,
    "bandsPer10kPeople": 3.6227734508786584,
    "bandsPer100kPeople": 36.22773450878658,
    "bandsPer1kPeople": 0.36227734508786585,
    "ranking": 4
  },
  {
    "country": "Liechtenstein",
    "alpha2": "LI",
    "alpha3": "LIE",
    "numeric": 438,
    "latitude": 47.1667,
    "longitude": 9.5333,
    "totalPopulation": 39425,
    "totalBands": 14,
    "bandsPerCapita": 0.0003551046290424857,
    "bandsPer1000People": 0.35510462904248574,
    "bandsPer10kPeople": 3.5510462904248574,
    "bandsPer100kPeople": 35.51046290424858,
    "bandsPer1kPeople": 0.35510462904248574,
    "ranking": 5
  },
  {
    "country": "Faroe Islands",
    "alpha2": "FO",
    "alpha3": "FRO",
    "numeric": 234,
    "latitude": 62,
    "longitude": -7,
    "totalPopulation": 51943,
    "totalBands": 15,
    "bandsPerCapita": 0.00028877808366863675,
    "bandsPer1000People": 0.2887780836686368,
    "bandsPer10kPeople": 2.8877808366863675,
    "bandsPer100kPeople": 28.87780836686368,
    "bandsPer1kPeople": 0.2887780836686368,
    "ranking": 6
  },
  {
    "country": "Gibraltar",
    "alpha2": "GI",
    "alpha3": "GIB",
    "numeric": 292,
    "latitude": 36.1833,
    "longitude": -5.3667,
    "totalPopulation": 29516,
    "totalBands": 8,
    "bandsPerCapita": 0.0002710394362379726,
    "bandsPer1000People": 0.27103943623797266,
    "bandsPer10kPeople": 2.710394362379726,
    "bandsPer100kPeople": 27.103943623797264,
    "bandsPer1kPeople": 0.27103943623797266,
    "ranking": 7
  },
  {
    "country": "Greece",
    "alpha2": "GR",
    "alpha3": "GRC",
    "numeric": 300,
    "latitude": 39,
    "longitude": 22,
    "totalPopulation": 10569703,
    "totalBands": 2322,
    "bandsPerCapita": 0.00021968450769146492,
    "bandsPer1000People": 0.21968450769146494,
    "bandsPer10kPeople": 2.1968450769146495,
    "bandsPer100kPeople": 21.968450769146493,
    "bandsPer1kPeople": 0.21968450769146494,
    "ranking": 8
  },
  {
    "country": "Guernsey",
    "alpha2": "GG",
    "alpha3": "GGY",
    "numeric": 831,
    "latitude": 49.5,
    "longitude": -2.56,
    "totalPopulation": 67334,
    "totalBands": 14,
    "bandsPerCapita": 0.00020791873347788636,
    "bandsPer1000People": 0.20791873347788634,
    "bandsPer10kPeople": 2.079187334778864,
    "bandsPer100kPeople": 20.791873347788634,
    "bandsPer1kPeople": 0.20791873347788634,
    "ranking": 9
  },
  {
    "country": "Estonia",
    "alpha2": "EE",
    "alpha3": "EST",
    "numeric": 233,
    "latitude": 59,
    "longitude": 26,
    "totalPopulation": 1220042,
    "totalBands": 241,
    "bandsPerCapita": 0.0001975341832494291,
    "bandsPer1000People": 0.19753418324942912,
    "bandsPer10kPeople": 1.9753418324942913,
    "bandsPer100kPeople": 19.753418324942913,
    "bandsPer1kPeople": 0.19753418324942912,
    "ranking": 10
  },
  {
    "country": "Denmark",
    "alpha2": "DK",
    "alpha3": "DNK",
    "numeric": 208,
    "latitude": 56,
    "longitude": 10,
    "totalPopulation": 5894687,
    "totalBands": 1147,
    "bandsPerCapita": 0.00019458200240318104,
    "bandsPer1000People": 0.19458200240318105,
    "bandsPer10kPeople": 1.9458200240318102,
    "bandsPer100kPeople": 19.458200240318103,
    "bandsPer1kPeople": 0.19458200240318105,
    "ranking": 11
  },
  {
    "country": "Malta",
    "alpha2": "MT",
    "alpha3": "MLT",
    "numeric": 470,
    "latitude": 35.8333,
    "longitude": 14.5833,
    "totalPopulation": 460891,
    "totalBands": 87,
    "bandsPerCapita": 0.00018876480556140172,
    "bandsPer1000People": 0.1887648055614017,
    "bandsPer10kPeople": 1.8876480556140172,
    "bandsPer100kPeople": 18.876480556140173,
    "bandsPer1kPeople": 0.1887648055614017,
    "ranking": 12
  },
  {
    "country": "Saint Pierre and Miquelon",
    "alpha2": "PM",
    "alpha3": "SPM",
    "numeric": 666,
    "latitude": 46.8333,
    "longitude": -56.3333,
    "totalPopulation": 5321,
    "totalBands": 1,
    "bandsPerCapita": 0.00018793459875963165,
    "bandsPer1000People": 0.18793459875963167,
    "bandsPer10kPeople": 1.8793459875963163,
    "bandsPer100kPeople": 18.793459875963165,
    "bandsPer1kPeople": 0.18793459875963167,
    "ranking": 13
  },
  {
    "country": "Monaco",
    "alpha2": "MC",
    "alpha3": "MCO",
    "numeric": 492,
    "latitude": 43.7333,
    "longitude": 7.4,
    "totalPopulation": 31223,
    "totalBands": 5,
    "bandsPerCapita": 0.00016013835954264483,
    "bandsPer1000People": 0.16013835954264485,
    "bandsPer10kPeople": 1.6013835954264484,
    "bandsPer100kPeople": 16.013835954264483,
    "bandsPer1kPeople": 0.16013835954264485,
    "ranking": 14
  },
  {
    "country": "Austria",
    "alpha2": "AT",
    "alpha3": "AUT",
    "numeric": 40,
    "latitude": 47.3333,
    "longitude": 13.3333,
    "totalPopulation": 8884864,
    "totalBands": 1414,
    "bandsPerCapita": 0.0001591470617895783,
    "bandsPer1000People": 0.15914706178957833,
    "bandsPer10kPeople": 1.5914706178957831,
    "bandsPer100kPeople": 15.914706178957832,
    "bandsPer1kPeople": 0.15914706178957833,
    "ranking": 15
  },
  {
    "country": "Chile",
    "alpha2": "CL",
    "alpha3": "CHL",
    "numeric": 152,
    "latitude": -30,
    "longitude": -71,
    "totalPopulation": 18307925,
    "totalBands": 2907,
    "bandsPerCapita": 0.00015878369613159327,
    "bandsPer1000People": 0.1587836961315933,
    "bandsPer10kPeople": 1.5878369613159329,
    "bandsPer100kPeople": 15.878369613159329,
    "bandsPer1kPeople": 0.1587836961315933,
    "ranking": 16
  },
  {
    "country": "Netherlands",
    "alpha2": "NL",
    "alpha3": "NLD",
    "numeric": 528,
    "latitude": 52.5,
    "longitude": 5.75,
    "totalPopulation": 17337403,
    "totalBands": 2681,
    "bandsPerCapita": 0.0001546367699937528,
    "bandsPer1000People": 0.15463676999375284,
    "bandsPer10kPeople": 1.5463676999375282,
    "bandsPer100kPeople": 15.46367699937528,
    "bandsPer1kPeople": 0.15463676999375284,
    "ranking": 17
  },
  {
    "country": "Czech Republic",
    "alpha2": "CZ",
    "alpha3": "CZE",
    "numeric": 203,
    "latitude": 49.75,
    "longitude": 15.5,
    "totalPopulation": 10702596,
    "totalBands": 1648,
    "bandsPerCapita": 0.00015398133312702824,
    "bandsPer1000People": 0.15398133312702825,
    "bandsPer10kPeople": 1.5398133312702824,
    "bandsPer100kPeople": 15.398133312702825,
    "bandsPer1kPeople": 0.15398133312702825,
    "ranking": 18
  },
  {
    "country": "Slovenia",
    "alpha2": "SI",
    "alpha3": "SVN",
    "numeric": 705,
    "latitude": 46,
    "longitude": 15,
    "totalPopulation": 2102106,
    "totalBands": 314,
    "bandsPerCapita": 0.00014937400873219525,
    "bandsPer1000People": 0.14937400873219522,
    "bandsPer10kPeople": 1.4937400873219524,
    "bandsPer100kPeople": 14.937400873219525,
    "bandsPer1kPeople": 0.14937400873219522,
    "ranking": 19
  },
  {
    "country": "Luxembourg",
    "alpha2": "LU",
    "alpha3": "LUX",
    "numeric": 442,
    "latitude": 49.75,
    "longitude": 6.1667,
    "totalPopulation": 639589,
    "totalBands": 93,
    "bandsPerCapita": 0.00014540587783717357,
    "bandsPer1000People": 0.14540587783717354,
    "bandsPer10kPeople": 1.4540587783717356,
    "bandsPer100kPeople": 14.540587783717356,
    "bandsPer1kPeople": 0.14540587783717354,
    "ranking": 20
  },
  {
    "country": "Germany",
    "alpha2": "DE",
    "alpha3": "DEU",
    "numeric": 276,
    "latitude": 51,
    "longitude": 9,
    "totalPopulation": 84409193,
    "totalBands": 12255,
    "bandsPerCapita": 0.0001451856079230612,
    "bandsPer1000People": 0.14518560792306118,
    "bandsPer10kPeople": 1.4518560792306119,
    "bandsPer100kPeople": 14.518560792306117,
    "bandsPer1kPeople": 0.14518560792306118,
    "ranking": 21
  },
  {
    "country": "Portugal",
    "alpha2": "PT",
    "alpha3": "PRT",
    "numeric": 620,
    "latitude": 39.5,
    "longitude": -8,
    "totalPopulation": 10263850,
    "totalBands": 1477,
    "bandsPerCapita": 0.00014390311627703056,
    "bandsPer1000People": 0.14390311627703053,
    "bandsPer10kPeople": 1.4390311627703054,
    "bandsPer100kPeople": 14.390311627703056,
    "bandsPer1kPeople": 0.14390311627703053,
    "ranking": 22
  },
  {
    "country": "Switzerland",
    "alpha2": "CH",
    "alpha3": "CHE",
    "numeric": 756,
    "latitude": 47,
    "longitude": 8,
    "totalPopulation": 8453550,
    "totalBands": 1202,
    "bandsPerCapita": 0.0001421887845934548,
    "bandsPer1000People": 0.14218878459345483,
    "bandsPer10kPeople": 1.421887845934548,
    "bandsPer100kPeople": 14.218878459345483,
    "bandsPer1kPeople": 0.14218878459345483,
    "ranking": 23
  },
  {
    "country": "Canada",
    "alpha2": "CA",
    "alpha3": "CAN",
    "numeric": 124,
    "latitude": 60,
    "longitude": -95,
    "totalPopulation": 37943231,
    "totalBands": 5051,
    "bandsPerCapita": 0.00013311992328750286,
    "bandsPer1000People": 0.13311992328750286,
    "bandsPer10kPeople": 1.3311992328750284,
    "bandsPer100kPeople": 13.311992328750286,
    "bandsPer1kPeople": 0.13311992328750286,
    "ranking": 24
  },
  {
    "country": "Hungary",
    "alpha2": "HU",
    "alpha3": "HUN",
    "numeric": 348,
    "latitude": 47,
    "longitude": 20,
    "totalPopulation": 9728337,
    "totalBands": 1269,
    "bandsPerCapita": 0.00013044367192460542,
    "bandsPer1000People": 0.1304436719246054,
    "bandsPer10kPeople": 1.304436719246054,
    "bandsPer100kPeople": 13.04436719246054,
    "bandsPer1kPeople": 0.1304436719246054,
    "ranking": 25
  },
  {
    "country": "Belgium",
    "alpha2": "BE",
    "alpha3": "BEL",
    "numeric": 56,
    "latitude": 50.8333,
    "longitude": 4,
    "totalPopulation": 11778842,
    "totalBands": 1470,
    "bandsPerCapita": 0.00012480004401111756,
    "bandsPer1000People": 0.12480004401111755,
    "bandsPer10kPeople": 1.2480004401111757,
    "bandsPer100kPeople": 12.480004401111756,
    "bandsPer1kPeople": 0.12480004401111755,
    "ranking": 26
  },
  {
    "country": "Croatia",
    "alpha2": "HR",
    "alpha3": "HRV",
    "numeric": 191,
    "latitude": 45.1667,
    "longitude": 15.5,
    "totalPopulation": 4208973,
    "totalBands": 525,
    "bandsPerCapita": 0.00012473351575313028,
    "bandsPer1000People": 0.12473351575313028,
    "bandsPer10kPeople": 1.2473351575313028,
    "bandsPer100kPeople": 12.473351575313027,
    "bandsPer1kPeople": 0.12473351575313028,
    "ranking": 27
  },
  {
    "country": "Slovakia",
    "alpha2": "SK",
    "alpha3": "SVK",
    "numeric": 703,
    "latitude": 48.6667,
    "longitude": 19.5,
    "totalPopulation": 5436066,
    "totalBands": 672,
    "bandsPerCapita": 0.00012361880816016583,
    "bandsPer1000People": 0.12361880816016584,
    "bandsPer10kPeople": 1.2361880816016584,
    "bandsPer100kPeople": 12.361880816016582,
    "bandsPer1kPeople": 0.12361880816016584,
    "ranking": 28
  },
  {
    "country": "Australia",
    "alpha2": "AU",
    "alpha3": "AUS",
    "numeric": 36,
    "latitude": -27,
    "longitude": 133,
    "totalPopulation": 25809973,
    "totalBands": 3166,
    "bandsPerCapita": 0.0001226657617968062,
    "bandsPer1000People": 0.12266576179680622,
    "bandsPer10kPeople": 1.2266576179680622,
    "bandsPer100kPeople": 12.266576179680621,
    "bandsPer1kPeople": 0.12266576179680622,
    "ranking": 29
  },
  {
    "country": "Greenland",
    "alpha2": "GL",
    "alpha3": "GRL",
    "numeric": 304,
    "latitude": 72,
    "longitude": -40,
    "totalPopulation": 57799,
    "totalBands": 7,
    "bandsPerCapita": 0.00012110936175366356,
    "bandsPer1000People": 0.12110936175366356,
    "bandsPer10kPeople": 1.2110936175366356,
    "bandsPer100kPeople": 12.110936175366355,
    "bandsPer1kPeople": 0.12110936175366356,
    "ranking": 30
  },
  {
    "country": "Italy",
    "alpha2": "IT",
    "alpha3": "ITA",
    "numeric": 380,
    "latitude": 42.8333,
    "longitude": 12.8333,
    "totalPopulation": 61196793,
    "totalBands": 7344,
    "bandsPerCapita": 0.00012000628856482724,
    "bandsPer1000People": 0.12000628856482724,
    "bandsPer10kPeople": 1.2000628856482725,
    "bandsPer100kPeople": 12.000628856482724,
    "bandsPer1kPeople": 0.12000628856482724,
    "ranking": 31
  },
  {
    "country": "San Marino",
    "alpha2": "SM",
    "alpha3": "SMR",
    "numeric": 674,
    "latitude": 43.7667,
    "longitude": 12.4167,
    "totalPopulation": 34467,
    "totalBands": 4,
    "bandsPerCapita": 0.00011605303623756057,
    "bandsPer1000People": 0.11605303623756057,
    "bandsPer10kPeople": 1.1605303623756056,
    "bandsPer100kPeople": 11.605303623756058,
    "bandsPer1kPeople": 0.11605303623756057,
    "ranking": 32
  },
  {
    "country": "Poland",
    "alpha2": "PL",
    "alpha3": "POL",
    "numeric": 616,
    "latitude": 52,
    "longitude": 20,
    "totalPopulation": 38185913,
    "totalBands": 3877,
    "bandsPerCapita": 0.00010152958762567757,
    "bandsPer1000People": 0.10152958762567756,
    "bandsPer10kPeople": 1.0152958762567756,
    "bandsPer100kPeople": 10.152958762567756,
    "bandsPer1kPeople": 0.10152958762567756,
    "ranking": 33
  },
  {
    "country": "United States",
    "alpha2": "US",
    "alpha3": "USA",
    "numeric": 840,
    "latitude": 38,
    "longitude": -97,
    "totalPopulation": 334998398,
    "totalBands": 33570,
    "bandsPerCapita": 0.00010020943443437004,
    "bandsPer1000People": 0.10020943443437004,
    "bandsPer10kPeople": 1.0020943443437003,
    "bandsPer100kPeople": 10.020943443437003,
    "bandsPer1kPeople": 0.10020943443437004,
    "ranking": 34
  },
  {
    "country": "New Zealand",
    "alpha2": "NZ",
    "alpha3": "NZL",
    "numeric": 554,
    "latitude": -41,
    "longitude": 174,
    "totalPopulation": 4991442,
    "totalBands": 499,
    "bandsPerCapita": 9.997111055282221e-5,
    "bandsPer1000People": 0.0999711105528222,
    "bandsPer10kPeople": 0.9997111055282221,
    "bandsPer100kPeople": 9.997111055282222,
    "bandsPer1kPeople": 0.0999711105528222,
    "ranking": 35
  },
  {
    "country": "Spain",
    "alpha2": "ES",
    "alpha3": "ESP",
    "numeric": 724,
    "latitude": 40,
    "longitude": -4,
    "totalPopulation": 47103121,
    "totalBands": 4527,
    "bandsPerCapita": 9.610828123257481e-5,
    "bandsPer1000People": 0.0961082812325748,
    "bandsPer10kPeople": 0.961082812325748,
    "bandsPer100kPeople": 9.61082812325748,
    "bandsPer1kPeople": 0.0961082812325748,
    "ranking": 36
  },
  {
    "country": "Ireland",
    "alpha2": "IE",
    "alpha3": "IRL",
    "numeric": 372,
    "latitude": 53,
    "longitude": -8,
    "totalPopulation": 5224884,
    "totalBands": 497,
    "bandsPerCapita": 9.512172901829017e-5,
    "bandsPer1000People": 0.09512172901829016,
    "bandsPer10kPeople": 0.9512172901829018,
    "bandsPer100kPeople": 9.512172901829016,
    "bandsPer1kPeople": 0.09512172901829016,
    "ranking": 37
  },
  {
    "country": "United Kingdom",
    "alpha2": "GB",
    "alpha3": "GBR",
    "numeric": 826,
    "latitude": 54,
    "longitude": -2,
    "totalPopulation": 67419123,
    "totalBands": 6311,
    "bandsPerCapita": 9.360845586792935e-5,
    "bandsPer1000People": 0.09360845586792933,
    "bandsPer10kPeople": 0.9360845586792934,
    "bandsPer100kPeople": 9.360845586792934,
    "bandsPer1kPeople": 0.09360845586792933,
    "ranking": 38
  },
  {
    "country": "France",
    "alpha2": "FR",
    "alpha3": "FRA",
    "numeric": 250,
    "latitude": 46,
    "longitude": 2,
    "totalPopulation": 68084217,
    "totalBands": 5903,
    "bandsPerCapita": 8.670144506472036e-5,
    "bandsPer1000People": 0.08670144506472036,
    "bandsPer10kPeople": 0.8670144506472036,
    "bandsPer100kPeople": 8.670144506472036,
    "bandsPer1kPeople": 0.08670144506472036,
    "ranking": 39
  },
  {
    "country": "Lithuania",
    "alpha2": "LT",
    "alpha3": "LTU",
    "numeric": 440,
    "latitude": 56,
    "longitude": 24,
    "totalPopulation": 2711566,
    "totalBands": 207,
    "bandsPerCapita": 7.633965022426155e-5,
    "bandsPer1000People": 0.07633965022426156,
    "bandsPer10kPeople": 0.7633965022426155,
    "bandsPer100kPeople": 7.633965022426156,
    "bandsPer1kPeople": 0.07633965022426156,
    "ranking": 40
  },
  {
    "country": "Serbia",
    "alpha2": "RS",
    "alpha3": "SRB",
    "numeric": 688,
    "latitude": 44,
    "longitude": 21,
    "totalPopulation": 6796857,
    "totalBands": 495,
    "bandsPerCapita": 7.282777907494597e-5,
    "bandsPer1000People": 0.07282777907494596,
    "bandsPer10kPeople": 0.7282777907494596,
    "bandsPer100kPeople": 7.282777907494596,
    "bandsPer1kPeople": 0.07282777907494596,
    "ranking": 41
  },
  {
    "country": "Latvia",
    "alpha2": "LV",
    "alpha3": "LVA",
    "numeric": 428,
    "latitude": 57,
    "longitude": 25,
    "totalPopulation": 1862687,
    "totalBands": 135,
    "bandsPerCapita": 7.247594469709618e-5,
    "bandsPer1000People": 0.07247594469709619,
    "bandsPer10kPeople": 0.7247594469709618,
    "bandsPer100kPeople": 7.247594469709618,
    "bandsPer1kPeople": 0.07247594469709619,
    "ranking": 42
  },
  {
    "country": "Jersey",
    "alpha2": "JE",
    "alpha3": "JEY",
    "numeric": 832,
    "latitude": 49.21,
    "longitude": -2.13,
    "totalPopulation": 101476,
    "totalBands": 7,
    "bandsPerCapita": 6.898182821553865e-5,
    "bandsPer1000People": 0.06898182821553865,
    "bandsPer10kPeople": 0.6898182821553864,
    "bandsPer100kPeople": 6.898182821553864,
    "bandsPer1kPeople": 0.06898182821553865,
    "ranking": 43
  },
  {
    "country": "Bulgaria",
    "alpha2": "BG",
    "alpha3": "BGR",
    "numeric": 100,
    "latitude": 43,
    "longitude": 25,
    "totalPopulation": 6919180,
    "totalBands": 474,
    "bandsPerCapita": 6.850522749805613e-5,
    "bandsPer1000People": 0.06850522749805613,
    "bandsPer10kPeople": 0.6850522749805613,
    "bandsPer100kPeople": 6.850522749805613,
    "bandsPer1kPeople": 0.06850522749805613,
    "ranking": 44
  },
  {
    "country": "Uruguay",
    "alpha2": "UY",
    "alpha3": "URY",
    "numeric": 858,
    "latitude": -33,
    "longitude": -56,
    "totalPopulation": 3398239,
    "totalBands": 225,
    "bandsPerCapita": 6.62107638691687e-5,
    "bandsPer1000People": 0.0662107638691687,
    "bandsPer10kPeople": 0.6621076386916871,
    "bandsPer100kPeople": 6.6210763869168705,
    "bandsPer1kPeople": 0.0662107638691687,
    "ranking": 45
  },
  {
    "country": "Argentina",
    "alpha2": "AR",
    "alpha3": "ARG",
    "numeric": 32,
    "latitude": -34,
    "longitude": -64,
    "totalPopulation": 45864941,
    "totalBands": 2943,
    "bandsPerCapita": 6.416665836330194e-5,
    "bandsPer1000People": 0.06416665836330195,
    "bandsPer10kPeople": 0.6416665836330194,
    "bandsPer100kPeople": 6.4166658363301945,
    "bandsPer1kPeople": 0.06416665836330195,
    "ranking": 46
  },
  {
    "country": "Costa Rica",
    "alpha2": "CR",
    "alpha3": "CRI",
    "numeric": 188,
    "latitude": 10,
    "longitude": -84,
    "totalPopulation": 5151140,
    "totalBands": 330,
    "bandsPerCapita": 6.406348885877689e-5,
    "bandsPer1000People": 0.06406348885877688,
    "bandsPer10kPeople": 0.6406348885877688,
    "bandsPer100kPeople": 6.406348885877689,
    "bandsPer1kPeople": 0.06406348885877688,
    "ranking": 47
  },
  {
    "country": "Cyprus",
    "alpha2": "CY",
    "alpha3": "CYP",
    "numeric": 196,
    "latitude": 35,
    "longitude": 33,
    "totalPopulation": 1281506,
    "totalBands": 82,
    "bandsPerCapita": 6.398721504230179e-5,
    "bandsPer1000People": 0.06398721504230179,
    "bandsPer10kPeople": 0.6398721504230179,
    "bandsPer100kPeople": 6.398721504230179,
    "bandsPer1kPeople": 0.06398721504230179,
    "ranking": 48
  },
  {
    "country": "Andorra",
    "alpha2": "AD",
    "alpha3": "AND",
    "numeric": 20,
    "latitude": 42.5,
    "longitude": 1.6,
    "totalPopulation": 85645,
    "totalBands": 5,
    "bandsPerCapita": 5.838052425710783e-5,
    "bandsPer1000People": 0.05838052425710783,
    "bandsPer10kPeople": 0.5838052425710782,
    "bandsPer100kPeople": 5.838052425710782,
    "bandsPer1kPeople": 0.05838052425710783,
    "ranking": 49
  },
  {
    "country": "Macedonia, the former Yugoslav Republic of",
    "alpha2": "MK",
    "alpha3": "MKD",
    "numeric": 807,
    "latitude": 41.8333,
    "longitude": 22,
    "totalPopulation": 2128262,
    "totalBands": 122,
    "bandsPerCapita": 5.732376934794682e-5,
    "bandsPer1000People": 0.05732376934794682,
    "bandsPer10kPeople": 0.5732376934794682,
    "bandsPer100kPeople": 5.732376934794682,
    "bandsPer1kPeople": 0.05732376934794682,
    "ranking": 50
  },
  {
    "country": "Puerto Rico",
    "alpha2": "PR",
    "alpha3": "PRI",
    "numeric": 630,
    "latitude": 18.25,
    "longitude": -66.5,
    "totalPopulation": 3142779,
    "totalBands": 175,
    "bandsPerCapita": 5.56832026687209e-5,
    "bandsPer1000People": 0.0556832026687209,
    "bandsPer10kPeople": 0.556832026687209,
    "bandsPer100kPeople": 5.56832026687209,
    "bandsPer1kPeople": 0.0556832026687209,
    "ranking": 51
  },
  {
    "country": "Singapore",
    "alpha2": "SG",
    "alpha3": "SGP",
    "numeric": 702,
    "latitude": 1.3667,
    "longitude": 103.8,
    "totalPopulation": 5866139,
    "totalBands": 300,
    "bandsPerCapita": 5.114096341733464e-5,
    "bandsPer1000People": 0.05114096341733464,
    "bandsPer10kPeople": 0.5114096341733464,
    "bandsPer100kPeople": 5.114096341733464,
    "bandsPer1kPeople": 0.05114096341733464,
    "ranking": 52
  },
  {
    "country": "Brunei Darussalam",
    "alpha2": "BN",
    "alpha3": "BRN",
    "numeric": 96,
    "latitude": 4.5,
    "longitude": 114.6667,
    "totalPopulation": 471103,
    "totalBands": 24,
    "bandsPerCapita": 5.094427333300786e-5,
    "bandsPer1000People": 0.050944273333007856,
    "bandsPer10kPeople": 0.5094427333300785,
    "bandsPer100kPeople": 5.094427333300786,
    "bandsPer1kPeople": 0.050944273333007856,
    "ranking": 53
  },
  {
    "country": "Belarus",
    "alpha2": "BY",
    "alpha3": "BLR",
    "numeric": 112,
    "latitude": 53,
    "longitude": 28,
    "totalPopulation": 9441842,
    "totalBands": 469,
    "bandsPerCapita": 4.967251093589577e-5,
    "bandsPer1000People": 0.04967251093589577,
    "bandsPer10kPeople": 0.4967251093589577,
    "bandsPer100kPeople": 4.967251093589577,
    "bandsPer1kPeople": 0.04967251093589577,
    "ranking": 54
  },
  {
    "country": "Colombia",
    "alpha2": "CO",
    "alpha3": "COL",
    "numeric": 170,
    "latitude": 4,
    "longitude": -72,
    "totalPopulation": 48757939,
    "totalBands": 2009,
    "bandsPerCapita": 4.120354635990664e-5,
    "bandsPer1000People": 0.04120354635990664,
    "bandsPer10kPeople": 0.41203546359906645,
    "bandsPer100kPeople": 4.120354635990664,
    "bandsPer1kPeople": 0.04120354635990664,
    "ranking": 55
  },
  {
    "country": "Bosnia and Herzegovina",
    "alpha2": "BA",
    "alpha3": "BIH",
    "numeric": 70,
    "latitude": 44,
    "longitude": 18,
    "totalPopulation": 3824782,
    "totalBands": 151,
    "bandsPerCapita": 3.947937424930362e-5,
    "bandsPer1000People": 0.03947937424930362,
    "bandsPer10kPeople": 0.39479374249303617,
    "bandsPer100kPeople": 3.9479374249303625,
    "bandsPer1kPeople": 0.03947937424930362,
    "ranking": 56
  },
  {
    "country": "Ecuador",
    "alpha2": "EC",
    "alpha3": "ECU",
    "numeric": 218,
    "latitude": -2,
    "longitude": -77.5,
    "totalPopulation": 17093159,
    "totalBands": 616,
    "bandsPerCapita": 3.603780904395729e-5,
    "bandsPer1000People": 0.03603780904395729,
    "bandsPer10kPeople": 0.3603780904395729,
    "bandsPer100kPeople": 3.6037809043957294,
    "bandsPer1kPeople": 0.03603780904395729,
    "ranking": 57
  },
  {
    "country": "Israel",
    "alpha2": "IL",
    "alpha3": "ISR",
    "numeric": 376,
    "latitude": 31.5,
    "longitude": 34.75,
    "totalPopulation": 8787045,
    "totalBands": 313,
    "bandsPerCapita": 3.56206210392686e-5,
    "bandsPer1000People": 0.03562062103926861,
    "bandsPer10kPeople": 0.356206210392686,
    "bandsPer100kPeople": 3.5620621039268605,
    "bandsPer1kPeople": 0.03562062103926861,
    "ranking": 58
  },
  {
    "country": "Russian Federation",
    "alpha2": "RU",
    "alpha3": "RUS",
    "numeric": 643,
    "latitude": 60,
    "longitude": 100,
    "totalPopulation": 142320790,
    "totalBands": 5021,
    "bandsPerCapita": 3.527945565788385e-5,
    "bandsPer1000People": 0.03527945565788385,
    "bandsPer10kPeople": 0.35279455657883857,
    "bandsPer100kPeople": 3.5279455657883854,
    "bandsPer1kPeople": 0.03527945565788385,
    "ranking": 59
  },
  {
    "country": "Brazil",
    "alpha2": "BR",
    "alpha3": "BRA",
    "numeric": 76,
    "latitude": -10,
    "longitude": -55,
    "totalPopulation": 215903281,
    "totalBands": 7140,
    "bandsPerCapita": 3.307036357636455e-5,
    "bandsPer1000People": 0.03307036357636455,
    "bandsPer10kPeople": 0.3307036357636455,
    "bandsPer100kPeople": 3.3070363576364548,
    "bandsPer1kPeople": 0.03307036357636455,
    "ranking": 60
  },
  {
    "country": "Isle of Man",
    "alpha2": "IM",
    "alpha3": "IMN",
    "numeric": 833,
    "latitude": 54.23,
    "longitude": -4.55,
    "totalPopulation": 90895,
    "totalBands": 3,
    "bandsPerCapita": 3.300511579294791e-5,
    "bandsPer1000People": 0.03300511579294791,
    "bandsPer10kPeople": 0.3300511579294791,
    "bandsPer100kPeople": 3.3005115792947906,
    "bandsPer1kPeople": 0.03300511579294791,
    "ranking": 61
  },
  {
    "country": "Paraguay",
    "alpha2": "PY",
    "alpha3": "PRY",
    "numeric": 600,
    "latitude": -23,
    "longitude": -58,
    "totalPopulation": 7272639,
    "totalBands": 218,
    "bandsPerCapita": 2.997536382597844e-5,
    "bandsPer1000People": 0.029975363825978436,
    "bandsPer10kPeople": 0.29975363825978435,
    "bandsPer100kPeople": 2.997536382597844,
    "bandsPer1kPeople": 0.029975363825978436,
    "ranking": 62
  },
  {
    "country": "Guam",
    "alpha2": "GU",
    "alpha3": "GUM",
    "numeric": 316,
    "latitude": 13.4667,
    "longitude": 144.7833,
    "totalPopulation": 168801,
    "totalBands": 5,
    "bandsPerCapita": 2.9620677602620838e-5,
    "bandsPer1000People": 0.02962067760262084,
    "bandsPer10kPeople": 0.2962067760262084,
    "bandsPer100kPeople": 2.9620677602620837,
    "bandsPer1kPeople": 0.02962067760262084,
    "ranking": 63
  },
  {
    "country": "Bolivia, Plurinational State of",
    "alpha2": "BO",
    "alpha3": "BOL",
    "numeric": 68,
    "latitude": -17,
    "longitude": -65,
    "totalPopulation": 11917267,
    "totalBands": 342,
    "bandsPerCapita": 2.8697854969599993e-5,
    "bandsPer1000People": 0.028697854969599992,
    "bandsPer10kPeople": 0.28697854969599995,
    "bandsPer100kPeople": 2.869785496959999,
    "bandsPer1kPeople": 0.028697854969599992,
    "ranking": 64
  },
  {
    "country": "Mexico",
    "alpha2": "MX",
    "alpha3": "MEX",
    "numeric": 484,
    "latitude": 23,
    "longitude": -102,
    "totalPopulation": 128569498,
    "totalBands": 3645,
    "bandsPerCapita": 2.8350425697392082e-5,
    "bandsPer1000People": 0.02835042569739208,
    "bandsPer10kPeople": 0.28350425697392084,
    "bandsPer100kPeople": 2.8350425697392083,
    "bandsPer1kPeople": 0.02835042569739208,
    "ranking": 65
  },
  {
    "country": "Ukraine",
    "alpha2": "UA",
    "alpha3": "UKR",
    "numeric": 804,
    "latitude": 49,
    "longitude": 32,
    "totalPopulation": 43745640,
    "totalBands": 1222,
    "bandsPerCapita": 2.7934212415225838e-5,
    "bandsPer1000People": 0.027934212415225836,
    "bandsPer10kPeople": 0.27934212415225834,
    "bandsPer100kPeople": 2.793421241522584,
    "bandsPer1kPeople": 0.027934212415225836,
    "ranking": 66
  },
  {
    "country": "El Salvador",
    "alpha2": "SV",
    "alpha3": "SLV",
    "numeric": 222,
    "latitude": 13.8333,
    "longitude": -88.9167,
    "totalPopulation": 6528135,
    "totalBands": 176,
    "bandsPerCapita": 2.69602267722711e-5,
    "bandsPer1000People": 0.026960226772271098,
    "bandsPer10kPeople": 0.269602267722711,
    "bandsPer100kPeople": 2.69602267722711,
    "bandsPer1kPeople": 0.026960226772271098,
    "ranking": 67
  },
  {
    "country": "Maldives",
    "alpha2": "MV",
    "alpha3": "MDV",
    "numeric": 462,
    "latitude": 3.25,
    "longitude": 73,
    "totalPopulation": 390669,
    "totalBands": 10,
    "bandsPerCapita": 2.559711674077032e-5,
    "bandsPer1000People": 0.02559711674077032,
    "bandsPer10kPeople": 0.2559711674077032,
    "bandsPer100kPeople": 2.559711674077032,
    "bandsPer1kPeople": 0.02559711674077032,
    "ranking": 68
  },
  {
    "country": "Romania",
    "alpha2": "RO",
    "alpha3": "ROU",
    "numeric": 642,
    "latitude": 46,
    "longitude": 25,
    "totalPopulation": 18748356,
    "totalBands": 475,
    "bandsPerCapita": 2.5335554754774233e-5,
    "bandsPer1000People": 0.025335554754774232,
    "bandsPer10kPeople": 0.2533555475477423,
    "bandsPer100kPeople": 2.533555475477423,
    "bandsPer1kPeople": 0.025335554754774232,
    "ranking": 69
  },
  {
    "country": "Montenegro",
    "alpha2": "ME",
    "alpha3": "MNE",
    "numeric": 499,
    "latitude": 42,
    "longitude": 19,
    "totalPopulation": 607414,
    "totalBands": 15,
    "bandsPerCapita": 2.4694853921707434e-5,
    "bandsPer1000People": 0.024694853921707435,
    "bandsPer10kPeople": 0.24694853921707435,
    "bandsPer100kPeople": 2.4694853921707436,
    "bandsPer1kPeople": 0.024694853921707435,
    "ranking": 70
  },
  {
    "country": "New Caledonia",
    "alpha2": "NC",
    "alpha3": "NCL",
    "numeric": 540,
    "latitude": -21.5,
    "longitude": 165.5,
    "totalPopulation": 293608,
    "totalBands": 7,
    "bandsPerCapita": 2.384131222582491e-5,
    "bandsPer1000People": 0.02384131222582491,
    "bandsPer10kPeople": 0.2384131222582491,
    "bandsPer100kPeople": 2.384131222582491,
    "bandsPer1kPeople": 0.02384131222582491,
    "ranking": 71
  },
  {
    "country": "Panama",
    "alpha2": "PA",
    "alpha3": "PAN",
    "numeric": 591,
    "latitude": 9,
    "longitude": -80,
    "totalPopulation": 4271368,
    "totalBands": 90,
    "bandsPerCapita": 2.1070532906553592e-5,
    "bandsPer1000People": 0.02107053290655359,
    "bandsPer10kPeople": 0.2107053290655359,
    "bandsPer100kPeople": 2.1070532906553594,
    "bandsPer1kPeople": 0.02107053290655359,
    "ranking": 72
  },
  {
    "country": "Japan",
    "alpha2": "JP",
    "alpha3": "JPN",
    "numeric": 392,
    "latitude": 36,
    "longitude": 138,
    "totalPopulation": 124687293,
    "totalBands": 2627,
    "bandsPerCapita": 2.1068706656419272e-5,
    "bandsPer1000People": 0.02106870665641927,
    "bandsPer10kPeople": 0.2106870665641927,
    "bandsPer100kPeople": 2.106870665641927,
    "bandsPer1kPeople": 0.02106870665641927,
    "ranking": 73
  },
  {
    "country": "Malaysia",
    "alpha2": "MY",
    "alpha3": "MYS",
    "numeric": 458,
    "latitude": 2.5,
    "longitude": 112.5,
    "totalPopulation": 33519406,
    "totalBands": 689,
    "bandsPerCapita": 2.0555256856282e-5,
    "bandsPer1000People": 0.020555256856281998,
    "bandsPer10kPeople": 0.20555256856282,
    "bandsPer100kPeople": 2.0555256856282003,
    "bandsPer1kPeople": 0.020555256856281998,
    "ranking": 74
  },
  {
    "country": "Peru",
    "alpha2": "PE",
    "alpha3": "PER",
    "numeric": 604,
    "latitude": -10,
    "longitude": -76,
    "totalPopulation": 32110270,
    "totalBands": 644,
    "bandsPerCapita": 2.005588866116666e-5,
    "bandsPer1000People": 0.02005588866116666,
    "bandsPer10kPeople": 0.2005588866116666,
    "bandsPer100kPeople": 2.005588866116666,
    "bandsPer1kPeople": 0.02005588866116666,
    "ranking": 75
  },
  {
    "country": "Venezuela, Bolivarian Republic of",
    "alpha2": "VE",
    "alpha3": "VEN",
    "numeric": 862,
    "latitude": 8,
    "longitude": -66,
    "totalPopulation": 29069153,
    "totalBands": 499,
    "bandsPerCapita": 1.716596283352322e-5,
    "bandsPer1000People": 0.01716596283352322,
    "bandsPer10kPeople": 0.17165962833523218,
    "bandsPer100kPeople": 1.716596283352322,
    "bandsPer1kPeople": 0.01716596283352322,
    "ranking": 76
  },
  {
    "country": "Barbados",
    "alpha2": "BB",
    "alpha3": "BRB",
    "numeric": 52,
    "latitude": 13.1667,
    "longitude": -59.5333,
    "totalPopulation": 301865,
    "totalBands": 4,
    "bandsPerCapita": 1.32509565534262e-5,
    "bandsPer1000People": 0.0132509565534262,
    "bandsPer10kPeople": 0.13250956553426202,
    "bandsPer100kPeople": 1.32509565534262,
    "bandsPer1kPeople": 0.0132509565534262,
    "ranking": 77
  },
  {
    "country": "Moldova, Republic of",
    "alpha2": "MD",
    "alpha3": "MDA",
    "numeric": 498,
    "latitude": 47,
    "longitude": 29,
    "totalPopulation": 3323875,
    "totalBands": 44,
    "bandsPerCapita": 1.3237561580986048e-5,
    "bandsPer1000People": 0.013237561580986048,
    "bandsPer10kPeople": 0.1323756158098605,
    "bandsPer100kPeople": 1.3237561580986046,
    "bandsPer1kPeople": 0.013237561580986048,
    "ranking": 78
  },
  {
    "country": "Belize",
    "alpha2": "BZ",
    "alpha3": "BLZ",
    "numeric": 84,
    "latitude": 17.25,
    "longitude": -88.75,
    "totalPopulation": 405633,
    "totalBands": 5,
    "bandsPerCapita": 1.2326413284915182e-5,
    "bandsPer1000People": 0.012326413284915183,
    "bandsPer10kPeople": 0.12326413284915183,
    "bandsPer100kPeople": 1.2326413284915183,
    "bandsPer1kPeople": 0.012326413284915183,
    "ranking": 79
  },
  {
    "country": "Lebanon",
    "alpha2": "LB",
    "alpha3": "LBN",
    "numeric": 422,
    "latitude": 33.8333,
    "longitude": 35.8333,
    "totalPopulation": 5261372,
    "totalBands": 58,
    "bandsPerCapita": 1.1023740575652131e-5,
    "bandsPer1000People": 0.011023740575652129,
    "bandsPer10kPeople": 0.1102374057565213,
    "bandsPer100kPeople": 1.102374057565213,
    "bandsPer1kPeople": 0.011023740575652129,
    "ranking": 80
  },
  {
    "country": "Armenia",
    "alpha2": "AM",
    "alpha3": "ARM",
    "numeric": 51,
    "latitude": 40,
    "longitude": 45,
    "totalPopulation": 3011609,
    "totalBands": 31,
    "bandsPerCapita": 1.0293500915955558e-5,
    "bandsPer1000People": 0.010293500915955557,
    "bandsPer10kPeople": 0.10293500915955556,
    "bandsPer100kPeople": 1.0293500915955558,
    "bandsPer1kPeople": 0.010293500915955557,
    "ranking": 81
  },
  {
    "country": "French Polynesia",
    "alpha2": "PF",
    "alpha3": "PYF",
    "numeric": 258,
    "latitude": -15,
    "longitude": -140,
    "totalPopulation": 297154,
    "totalBands": 3,
    "bandsPerCapita": 1.00957752545818e-5,
    "bandsPer1000People": 0.0100957752545818,
    "bandsPer10kPeople": 0.100957752545818,
    "bandsPer100kPeople": 1.0095775254581798,
    "bandsPer1kPeople": 0.0100957752545818,
    "ranking": 82
  },
  {
    "country": "Virgin Islands, U.S.",
    "alpha2": "VI",
    "alpha3": "VIR",
    "numeric": 850,
    "latitude": 18.3333,
    "longitude": -64.8333,
    "totalPopulation": 105870,
    "totalBands": 1,
    "bandsPerCapita": 9.445546424860678e-6,
    "bandsPer1000People": 0.009445546424860677,
    "bandsPer10kPeople": 0.09445546424860679,
    "bandsPer100kPeople": 0.9445546424860678,
    "bandsPer1kPeople": 0.009445546424860677,
    "ranking": 83
  },
  {
    "country": "Bahrain",
    "alpha2": "BH",
    "alpha3": "BHR",
    "numeric": 48,
    "latitude": 26,
    "longitude": 50.55,
    "totalPopulation": 1526929,
    "totalBands": 14,
    "bandsPerCapita": 9.168730176714176e-6,
    "bandsPer1000People": 0.009168730176714176,
    "bandsPer10kPeople": 0.09168730176714175,
    "bandsPer100kPeople": 0.9168730176714176,
    "bandsPer1kPeople": 0.009168730176714176,
    "ranking": 84
  },
  {
    "country": "Guatemala",
    "alpha2": "GT",
    "alpha3": "GTM",
    "numeric": 320,
    "latitude": 15.5,
    "longitude": -90.25,
    "totalPopulation": 17422821,
    "totalBands": 158,
    "bandsPerCapita": 9.068565876903631e-6,
    "bandsPer1000People": 0.009068565876903632,
    "bandsPer10kPeople": 0.09068565876903632,
    "bandsPer100kPeople": 0.9068565876903631,
    "bandsPer1kPeople": 0.009068565876903632,
    "ranking": 85
  },
  {
    "country": "Cuba",
    "alpha2": "CU",
    "alpha3": "CUB",
    "numeric": 192,
    "latitude": 21.5,
    "longitude": -80,
    "totalPopulation": 11032343,
    "totalBands": 98,
    "bandsPerCapita": 8.882972547173343e-6,
    "bandsPer1000People": 0.008882972547173342,
    "bandsPer10kPeople": 0.08882972547173343,
    "bandsPer100kPeople": 0.8882972547173342,
    "bandsPer1kPeople": 0.008882972547173342,
    "ranking": 86
  },
  {
    "country": "Georgia",
    "alpha2": "GE",
    "alpha3": "GEO",
    "numeric": 268,
    "latitude": 42,
    "longitude": 43.5,
    "totalPopulation": 4933674,
    "totalBands": 42,
    "bandsPerCapita": 8.512925661484727e-6,
    "bandsPer1000People": 0.008512925661484727,
    "bandsPer10kPeople": 0.08512925661484727,
    "bandsPer100kPeople": 0.8512925661484727,
    "bandsPer1kPeople": 0.008512925661484727,
    "ranking": 87
  },
  {
    "country": "Aruba",
    "alpha2": "AW",
    "alpha3": "ABW",
    "numeric": 533,
    "latitude": 12.5,
    "longitude": -69.9667,
    "totalPopulation": 120917,
    "totalBands": 1,
    "bandsPerCapita": 8.270135712927049e-6,
    "bandsPer1000People": 0.008270135712927049,
    "bandsPer10kPeople": 0.0827013571292705,
    "bandsPer100kPeople": 0.8270135712927048,
    "bandsPer1kPeople": 0.008270135712927049,
    "ranking": 88
  },
  {
    "country": "Indonesia",
    "alpha2": "ID",
    "alpha3": "IDN",
    "numeric": 360,
    "latitude": -5,
    "longitude": 120,
    "totalPopulation": 275122131,
    "totalBands": 2182,
    "bandsPerCapita": 7.931023186208164e-6,
    "bandsPer1000People": 0.007931023186208164,
    "bandsPer10kPeople": 0.07931023186208164,
    "bandsPer100kPeople": 0.7931023186208165,
    "bandsPer1kPeople": 0.007931023186208164,
    "ranking": 89
  },
  {
    "country": "Nicaragua",
    "alpha2": "NI",
    "alpha3": "NIC",
    "numeric": 558,
    "latitude": 13,
    "longitude": -85,
    "totalPopulation": 6243931,
    "totalBands": 49,
    "bandsPerCapita": 7.847620353267837e-6,
    "bandsPer1000People": 0.007847620353267838,
    "bandsPer10kPeople": 0.07847620353267837,
    "bandsPer100kPeople": 0.7847620353267837,
    "bandsPer1kPeople": 0.007847620353267838,
    "ranking": 90
  },
  {
    "country": "Honduras",
    "alpha2": "HN",
    "alpha3": "HND",
    "numeric": 340,
    "latitude": 15,
    "longitude": -86.5,
    "totalPopulation": 9346277,
    "totalBands": 71,
    "bandsPerCapita": 7.59660771877401e-6,
    "bandsPer1000People": 0.00759660771877401,
    "bandsPer10kPeople": 0.07596607718774011,
    "bandsPer100kPeople": 0.759660771877401,
    "bandsPer1kPeople": 0.00759660771877401,
    "ranking": 91
  },
  {
    "country": "Turkey",
    "alpha2": "TR",
    "alpha3": "TUR",
    "numeric": 792,
    "latitude": 39,
    "longitude": 35,
    "totalPopulation": 82482383,
    "totalBands": 605,
    "bandsPerCapita": 7.334899623353511e-6,
    "bandsPer1000People": 0.00733489962335351,
    "bandsPer10kPeople": 0.0733489962335351,
    "bandsPer100kPeople": 0.733489962335351,
    "bandsPer1kPeople": 0.00733489962335351,
    "ranking": 92
  },
  {
    "country": "Cura\u00e7ao",
    "alpha2": "CW",
    "alpha3": "CUW",
    "numeric": 531,
    "latitude": 12.1696,
    "longitude": 68.99,
    "totalPopulation": 151885,
    "totalBands": 1,
    "bandsPerCapita": 6.5839286302136485e-6,
    "bandsPer1000People": 0.006583928630213649,
    "bandsPer10kPeople": 0.0658392863021365,
    "bandsPer100kPeople": 0.6583928630213648,
    "bandsPer1kPeople": 0.006583928630213649,
    "ranking": 93
  },
  {
    "country": "Trinidad and Tobago",
    "alpha2": "TT",
    "alpha3": "TTO",
    "numeric": 780,
    "latitude": 11,
    "longitude": -61,
    "totalPopulation": 1403505,
    "totalBands": 9,
    "bandsPerCapita": 6.412517233640066e-6,
    "bandsPer1000People": 0.006412517233640065,
    "bandsPer10kPeople": 0.06412517233640065,
    "bandsPer100kPeople": 0.6412517233640065,
    "bandsPer1kPeople": 0.006412517233640065,
    "ranking": 94
  },
  {
    "country": "Guyana",
    "alpha2": "GY",
    "alpha3": "GUY",
    "numeric": 328,
    "latitude": 5,
    "longitude": -59,
    "totalPopulation": 787971,
    "totalBands": 5,
    "bandsPerCapita": 6.345411188990457e-6,
    "bandsPer1000People": 0.006345411188990457,
    "bandsPer10kPeople": 0.06345411188990457,
    "bandsPer100kPeople": 0.6345411188990457,
    "bandsPer1kPeople": 0.006345411188990457,
    "ranking": 95
  },
  {
    "country": "Hong Kong",
    "alpha2": "HK",
    "alpha3": "HKG",
    "numeric": 344,
    "latitude": 22.25,
    "longitude": 114.1667,
    "totalPopulation": 7263234,
    "totalBands": 44,
    "bandsPerCapita": 6.057907538157245e-6,
    "bandsPer1000People": 0.006057907538157245,
    "bandsPer10kPeople": 0.06057907538157245,
    "bandsPer100kPeople": 0.6057907538157246,
    "bandsPer1kPeople": 0.006057907538157245,
    "ranking": 96
  },
  {
    "country": "Korea, Republic of",
    "alpha2": "KR",
    "alpha3": "KOR",
    "numeric": 410,
    "latitude": 37,
    "longitude": 127.5,
    "totalPopulation": 51715162,
    "totalBands": 276,
    "bandsPerCapita": 5.3369261416990245e-6,
    "bandsPer1000People": 0.0053369261416990246,
    "bandsPer10kPeople": 0.05336926141699024,
    "bandsPer100kPeople": 0.5336926141699024,
    "bandsPer1kPeople": 0.0053369261416990246,
    "ranking": 97
  },
  {
    "country": "South Africa",
    "alpha2": "ZA",
    "alpha3": "ZAF",
    "numeric": 710,
    "latitude": -29,
    "longitude": 24,
    "totalPopulation": 56978635,
    "totalBands": 275,
    "bandsPerCapita": 4.8263704456942506e-6,
    "bandsPer1000People": 0.00482637044569425,
    "bandsPer10kPeople": 0.048263704456942495,
    "bandsPer100kPeople": 0.482637044569425,
    "bandsPer1kPeople": 0.00482637044569425,
    "ranking": 98
  },
  {
    "country": "Suriname",
    "alpha2": "SR",
    "alpha3": "SUR",
    "numeric": 740,
    "latitude": 4,
    "longitude": -56,
    "totalPopulation": 625420,
    "totalBands": 3,
    "bandsPerCapita": 4.796776566147549e-6,
    "bandsPer1000People": 0.004796776566147549,
    "bandsPer10kPeople": 0.04796776566147549,
    "bandsPer100kPeople": 0.47967765661475487,
    "bandsPer1kPeople": 0.004796776566147549,
    "ranking": 99
  },
  {
    "country": "Dominican Republic",
    "alpha2": "DO",
    "alpha3": "DOM",
    "numeric": 214,
    "latitude": 19,
    "longitude": -70.6667,
    "totalPopulation": 10597348,
    "totalBands": 48,
    "bandsPerCapita": 4.529435100177894e-6,
    "bandsPer1000People": 0.004529435100177894,
    "bandsPer10kPeople": 0.045294351001778935,
    "bandsPer100kPeople": 0.4529435100177894,
    "bandsPer1kPeople": 0.004529435100177894,
    "ranking": 100
  },
  {
    "country": "Taiwan, Province of China",
    "alpha2": "TW",
    "alpha3": "TWN",
    "numeric": 158,
    "latitude": 23.5,
    "longitude": 121,
    "totalPopulation": 23572052,
    "totalBands": 96,
    "bandsPerCapita": 4.072619558110596e-6,
    "bandsPer1000People": 0.004072619558110596,
    "bandsPer10kPeople": 0.04072619558110597,
    "bandsPer100kPeople": 0.4072619558110597,
    "bandsPer1kPeople": 0.004072619558110596,
    "ranking": 101
  },
  {
    "country": "Albania",
    "alpha2": "AL",
    "alpha3": "ALB",
    "numeric": 8,
    "latitude": 41,
    "longitude": 20,
    "totalPopulation": 3088385,
    "totalBands": 12,
    "bandsPerCapita": 3.885525930219192e-6,
    "bandsPer1000People": 0.003885525930219192,
    "bandsPer10kPeople": 0.03885525930219192,
    "bandsPer100kPeople": 0.38855259302191925,
    "bandsPer1kPeople": 0.003885525930219192,
    "ranking": 102
  },
  {
    "country": "Botswana",
    "alpha2": "BW",
    "alpha3": "BWA",
    "numeric": 72,
    "latitude": -22,
    "longitude": 24,
    "totalPopulation": 2350667,
    "totalBands": 9,
    "bandsPerCapita": 3.828700534784382e-6,
    "bandsPer1000People": 0.0038287005347843826,
    "bandsPer10kPeople": 0.03828700534784382,
    "bandsPer100kPeople": 0.3828700534784383,
    "bandsPer1kPeople": 0.0038287005347843826,
    "ranking": 103
  },
  {
    "country": "Thailand",
    "alpha2": "TH",
    "alpha3": "THA",
    "numeric": 764,
    "latitude": 15,
    "longitude": 100,
    "totalPopulation": 69480520,
    "totalBands": 238,
    "bandsPerCapita": 3.4254205351370426e-6,
    "bandsPer1000People": 0.0034254205351370425,
    "bandsPer10kPeople": 0.03425420535137043,
    "bandsPer100kPeople": 0.34254205351370426,
    "bandsPer1kPeople": 0.0034254205351370425,
    "ranking": 104
  },
  {
    "country": "United Arab Emirates",
    "alpha2": "AE",
    "alpha3": "ARE",
    "numeric": 784,
    "latitude": 24,
    "longitude": 54,
    "totalPopulation": 9856612,
    "totalBands": 32,
    "bandsPerCapita": 3.246551654868833e-6,
    "bandsPer1000People": 0.0032465516548688335,
    "bandsPer10kPeople": 0.03246551654868833,
    "bandsPer100kPeople": 0.32465516548688333,
    "bandsPer1kPeople": 0.0032465516548688335,
    "ranking": 105
  },
  {
    "country": "Kazakhstan",
    "alpha2": "KZ",
    "alpha3": "KAZ",
    "numeric": 398,
    "latitude": 48,
    "longitude": 68,
    "totalPopulation": 19245793,
    "totalBands": 62,
    "bandsPerCapita": 3.221483261302873e-6,
    "bandsPer1000People": 0.0032214832613028724,
    "bandsPer10kPeople": 0.032214832613028724,
    "bandsPer100kPeople": 0.32214832613028727,
    "bandsPer1kPeople": 0.0032214832613028724,
    "ranking": 106
  },
  {
    "country": "Jordan",
    "alpha2": "JO",
    "alpha3": "JOR",
    "numeric": 400,
    "latitude": 31,
    "longitude": 36,
    "totalPopulation": 10909567,
    "totalBands": 34,
    "bandsPerCapita": 3.1165306560746176e-6,
    "bandsPer1000People": 0.003116530656074618,
    "bandsPer10kPeople": 0.03116530656074618,
    "bandsPer100kPeople": 0.3116530656074618,
    "bandsPer1kPeople": 0.003116530656074618,
    "ranking": 107
  },
  {
    "country": "Philippines",
    "alpha2": "PH",
    "alpha3": "PHL",
    "numeric": 608,
    "latitude": 13,
    "longitude": 122,
    "totalPopulation": 112771402,
    "totalBands": 350,
    "bandsPerCapita": 3.103623736095788e-6,
    "bandsPer1000People": 0.003103623736095788,
    "bandsPer10kPeople": 0.03103623736095788,
    "bandsPer100kPeople": 0.3103623736095788,
    "bandsPer1kPeople": 0.003103623736095788,
    "ranking": 108
  },
  {
    "country": "Mongolia",
    "alpha2": "MN",
    "alpha3": "MNG",
    "numeric": 496,
    "latitude": 46,
    "longitude": 105,
    "totalPopulation": 3198913,
    "totalBands": 9,
    "bandsPerCapita": 2.813455695731644e-6,
    "bandsPer1000People": 0.002813455695731644,
    "bandsPer10kPeople": 0.02813455695731644,
    "bandsPer100kPeople": 0.28134556957316437,
    "bandsPer1kPeople": 0.002813455695731644,
    "ranking": 109
  },
  {
    "country": "Tunisia",
    "alpha2": "TN",
    "alpha3": "TUN",
    "numeric": 788,
    "latitude": 34,
    "longitude": 9,
    "totalPopulation": 11811335,
    "totalBands": 32,
    "bandsPerCapita": 2.709261908158561e-6,
    "bandsPer1000People": 0.0027092619081585615,
    "bandsPer10kPeople": 0.027092619081585615,
    "bandsPer100kPeople": 0.2709261908158561,
    "bandsPer1kPeople": 0.0027092619081585615,
    "ranking": 110
  },
  {
    "country": "Kuwait",
    "alpha2": "KW",
    "alpha3": "KWT",
    "numeric": 414,
    "latitude": 29.3375,
    "longitude": 47.6581,
    "totalPopulation": 3032065,
    "totalBands": 7,
    "bandsPerCapita": 2.3086576310204433e-6,
    "bandsPer1000People": 0.002308657631020443,
    "bandsPer10kPeople": 0.023086576310204433,
    "bandsPer100kPeople": 0.23086576310204432,
    "bandsPer1kPeople": 0.002308657631020443,
    "ranking": 111
  },
  {
    "country": "Sri Lanka",
    "alpha2": "LK",
    "alpha3": "LKA",
    "numeric": 144,
    "latitude": 7,
    "longitude": 81,
    "totalPopulation": 23044123,
    "totalBands": 48,
    "bandsPerCapita": 2.0829605882593145e-6,
    "bandsPer1000People": 0.0020829605882593145,
    "bandsPer10kPeople": 0.020829605882593145,
    "bandsPer100kPeople": 0.20829605882593147,
    "bandsPer1kPeople": 0.0020829605882593145,
    "ranking": 112
  },
  {
    "country": "Qatar",
    "alpha2": "QA",
    "alpha3": "QAT",
    "numeric": 634,
    "latitude": 25.5,
    "longitude": 51.25,
    "totalPopulation": 2479995,
    "totalBands": 5,
    "bandsPerCapita": 2.0161330970425343e-6,
    "bandsPer1000People": 0.0020161330970425344,
    "bandsPer10kPeople": 0.020161330970425342,
    "bandsPer100kPeople": 0.20161330970425345,
    "bandsPer1kPeople": 0.0020161330970425344,
    "ranking": 113
  },
  {
    "country": "Syrian Arab Republic",
    "alpha2": "SY",
    "alpha3": "SYR",
    "numeric": 760,
    "latitude": 35,
    "longitude": 38,
    "totalPopulation": 20384316,
    "totalBands": 37,
    "bandsPerCapita": 1.8151209979280148e-6,
    "bandsPer1000People": 0.0018151209979280149,
    "bandsPer10kPeople": 0.018151209979280148,
    "bandsPer100kPeople": 0.18151209979280147,
    "bandsPer1kPeople": 0.0018151209979280149,
    "ranking": 114
  },
  {
    "country": "Kyrgyzstan",
    "alpha2": "KG",
    "alpha3": "KGZ",
    "numeric": 417,
    "latitude": 41,
    "longitude": 75,
    "totalPopulation": 6018789,
    "totalBands": 10,
    "bandsPerCapita": 1.661463792799515e-6,
    "bandsPer1000People": 0.001661463792799515,
    "bandsPer10kPeople": 0.016614637927995148,
    "bandsPer100kPeople": 0.1661463792799515,
    "bandsPer1kPeople": 0.001661463792799515,
    "ranking": 115
  },
  {
    "country": "Iran, Islamic Republic of",
    "alpha2": "IR",
    "alpha3": "IRN",
    "numeric": 364,
    "latitude": 32,
    "longitude": 53,
    "totalPopulation": 85888910,
    "totalBands": 134,
    "bandsPerCapita": 1.5601548558480948e-6,
    "bandsPer1000People": 0.0015601548558480949,
    "bandsPer10kPeople": 0.01560154855848095,
    "bandsPer100kPeople": 0.1560154855848095,
    "bandsPer1kPeople": 0.0015601548558480949,
    "ranking": 116
  },
  {
    "country": "Mauritius",
    "alpha2": "MU",
    "alpha3": "MUS",
    "numeric": 480,
    "latitude": -20.2833,
    "longitude": 57.55,
    "totalPopulation": 1306837,
    "totalBands": 2,
    "bandsPerCapita": 1.5304127446651725e-6,
    "bandsPer1000People": 0.0015304127446651725,
    "bandsPer10kPeople": 0.015304127446651727,
    "bandsPer100kPeople": 0.15304127446651725,
    "bandsPer1kPeople": 0.0015304127446651725,
    "ranking": 117
  },
  {
    "country": "Azerbaijan",
    "alpha2": "AZ",
    "alpha3": "AZE",
    "numeric": 31,
    "latitude": 40.5,
    "longitude": 47.5,
    "totalPopulation": 10282283,
    "totalBands": 14,
    "bandsPerCapita": 1.3615653255215793e-6,
    "bandsPer1000People": 0.0013615653255215792,
    "bandsPer10kPeople": 0.013615653255215791,
    "bandsPer100kPeople": 0.13615653255215793,
    "bandsPer1kPeople": 0.0013615653255215792,
    "ranking": 118
  },
  {
    "country": "Nepal",
    "alpha2": "NP",
    "alpha3": "NPL",
    "numeric": 524,
    "latitude": 28,
    "longitude": 84,
    "totalPopulation": 30424878,
    "totalBands": 34,
    "bandsPerCapita": 1.1175065352768218e-6,
    "bandsPer1000People": 0.0011175065352768219,
    "bandsPer10kPeople": 0.011175065352768219,
    "bandsPer100kPeople": 0.11175065352768218,
    "bandsPer1kPeople": 0.0011175065352768219,
    "ranking": 119
  },
  {
    "country": "Jamaica",
    "alpha2": "JM",
    "alpha3": "JAM",
    "numeric": 388,
    "latitude": 18.25,
    "longitude": -77.5,
    "totalPopulation": 2816602,
    "totalBands": 3,
    "bandsPerCapita": 1.0651132108831848e-6,
    "bandsPer1000People": 0.0010651132108831847,
    "bandsPer10kPeople": 0.010651132108831849,
    "bandsPer100kPeople": 0.10651132108831848,
    "bandsPer1kPeople": 0.0010651132108831847,
    "ranking": 120
  },
  {
    "country": "Lao People's Democratic Republic",
    "alpha2": "LA",
    "alpha3": "LAO",
    "numeric": 418,
    "latitude": 18,
    "longitude": 105,
    "totalPopulation": 7645472,
    "totalBands": 8,
    "bandsPerCapita": 1.046370976180411e-6,
    "bandsPer1000People": 0.001046370976180411,
    "bandsPer10kPeople": 0.010463709761804111,
    "bandsPer100kPeople": 0.10463709761804112,
    "bandsPer1kPeople": 0.001046370976180411,
    "ranking": 121
  },
  {
    "country": "Libyan Arab Jamahiriya",
    "alpha2": "LY",
    "alpha3": "LBY",
    "numeric": 434,
    "latitude": 25,
    "longitude": 17,
    "totalPopulation": 7017224,
    "totalBands": 7,
    "bandsPerCapita": 9.97545468122437e-7,
    "bandsPer1000People": 0.000997545468122437,
    "bandsPer10kPeople": 0.00997545468122437,
    "bandsPer100kPeople": 0.0997545468122437,
    "bandsPer1kPeople": 0.000997545468122437,
    "ranking": 122
  },
  {
    "country": "Morocco",
    "alpha2": "MA",
    "alpha3": "MAR",
    "numeric": 504,
    "latitude": 32,
    "longitude": -5,
    "totalPopulation": 36400581,
    "totalBands": 31,
    "bandsPerCapita": 8.516347582474027e-7,
    "bandsPer1000People": 0.0008516347582474028,
    "bandsPer10kPeople": 0.008516347582474026,
    "bandsPer100kPeople": 0.08516347582474026,
    "bandsPer1kPeople": 0.0008516347582474028,
    "ranking": 123
  },
  {
    "country": "Namibia",
    "alpha2": "NA",
    "alpha3": "NAM",
    "numeric": 516,
    "latitude": -22,
    "longitude": 17,
    "totalPopulation": 2678191,
    "totalBands": 2,
    "bandsPerCapita": 7.467727283080258e-7,
    "bandsPer1000People": 0.0007467727283080259,
    "bandsPer10kPeople": 0.007467727283080258,
    "bandsPer100kPeople": 0.07467727283080258,
    "bandsPer1kPeople": 0.0007467727283080259,
    "ranking": 124
  },
  {
    "country": "Madagascar",
    "alpha2": "MG",
    "alpha3": "MDG",
    "numeric": 450,
    "latitude": -20,
    "longitude": 47,
    "totalPopulation": 27534354,
    "totalBands": 20,
    "bandsPerCapita": 7.263653252950841e-7,
    "bandsPer1000People": 0.0007263653252950841,
    "bandsPer10kPeople": 0.007263653252950841,
    "bandsPer100kPeople": 0.0726365325295084,
    "bandsPer1kPeople": 0.0007263653252950841,
    "ranking": 125
  },
  {
    "country": "Timor-Leste",
    "alpha2": "TL",
    "alpha3": "TLS",
    "numeric": 626,
    "latitude": -8.55,
    "longitude": 125.5167,
    "totalPopulation": 1413958,
    "totalBands": 1,
    "bandsPerCapita": 7.072345854685925e-7,
    "bandsPer1000People": 0.0007072345854685924,
    "bandsPer10kPeople": 0.0070723458546859234,
    "bandsPer100kPeople": 0.07072345854685924,
    "bandsPer1kPeople": 0.0007072345854685924,
    "ranking": 126
  },
  {
    "country": "Algeria",
    "alpha2": "DZ",
    "alpha3": "DZA",
    "numeric": 12,
    "latitude": 28,
    "longitude": 3,
    "totalPopulation": 43576691,
    "totalBands": 30,
    "bandsPerCapita": 6.884414422380075e-7,
    "bandsPer1000People": 0.0006884414422380075,
    "bandsPer10kPeople": 0.006884414422380075,
    "bandsPer100kPeople": 0.06884414422380075,
    "bandsPer1kPeople": 0.0006884414422380075,
    "ranking": 127
  },
  {
    "country": "Tajikistan",
    "alpha2": "TJ",
    "alpha3": "TJK",
    "numeric": 762,
    "latitude": 39,
    "longitude": 71,
    "totalPopulation": 8990874,
    "totalBands": 6,
    "bandsPerCapita": 6.673433528264327e-7,
    "bandsPer1000People": 0.0006673433528264327,
    "bandsPer10kPeople": 0.006673433528264327,
    "bandsPer100kPeople": 0.06673433528264328,
    "bandsPer1kPeople": 0.0006673433528264327,
    "ranking": 128
  },
  {
    "country": "Oman",
    "alpha2": "OM",
    "alpha3": "OMN",
    "numeric": 512,
    "latitude": 21,
    "longitude": 57,
    "totalPopulation": 3694755,
    "totalBands": 2,
    "bandsPerCapita": 5.41307881036767e-7,
    "bandsPer1000People": 0.000541307881036767,
    "bandsPer10kPeople": 0.00541307881036767,
    "bandsPer100kPeople": 0.0541307881036767,
    "bandsPer1kPeople": 0.000541307881036767,
    "ranking": 129
  },
  {
    "country": "Turkmenistan",
    "alpha2": "TM",
    "alpha3": "TKM",
    "numeric": 795,
    "latitude": 40,
    "longitude": 60,
    "totalPopulation": 5579889,
    "totalBands": 3,
    "bandsPerCapita": 5.376451036929229e-7,
    "bandsPer1000People": 0.000537645103692923,
    "bandsPer10kPeople": 0.00537645103692923,
    "bandsPer100kPeople": 0.05376451036929229,
    "bandsPer1kPeople": 0.000537645103692923,
    "ranking": 130
  },
  {
    "country": "Bangladesh",
    "alpha2": "BD",
    "alpha3": "BGD",
    "numeric": 50,
    "latitude": 24,
    "longitude": 90,
    "totalPopulation": 164098818,
    "totalBands": 82,
    "bandsPerCapita": 4.996989070329562e-7,
    "bandsPer1000People": 0.0004996989070329563,
    "bandsPer10kPeople": 0.004996989070329562,
    "bandsPer100kPeople": 0.04996989070329562,
    "bandsPer1kPeople": 0.0004996989070329563,
    "ranking": 131
  },
  {
    "country": "Viet Nam",
    "alpha2": "VN",
    "alpha3": "VNM",
    "numeric": 704,
    "latitude": 16,
    "longitude": 106,
    "totalPopulation": 102789598,
    "totalBands": 51,
    "bandsPerCapita": 4.9615915415877e-7,
    "bandsPer1000People": 0.0004961591541587701,
    "bandsPer10kPeople": 0.0049615915415877005,
    "bandsPer100kPeople": 0.049615915415877,
    "bandsPer1kPeople": 0.0004961591541587701,
    "ranking": 132
  },
  {
    "country": "Egypt",
    "alpha2": "EG",
    "alpha3": "EGY",
    "numeric": 818,
    "latitude": 27,
    "longitude": 30,
    "totalPopulation": 105919663,
    "totalBands": 50,
    "bandsPerCapita": 4.720558825796113e-7,
    "bandsPer1000People": 0.0004720558825796113,
    "bandsPer10kPeople": 0.004720558825796113,
    "bandsPer100kPeople": 0.04720558825796113,
    "bandsPer1kPeople": 0.0004720558825796113,
    "ranking": 133
  },
  {
    "country": "Saudi Arabia",
    "alpha2": "SA",
    "alpha3": "SAU",
    "numeric": 682,
    "latitude": 25,
    "longitude": 45,
    "totalPopulation": 34783757,
    "totalBands": 15,
    "bandsPerCapita": 4.3123576329031967e-7,
    "bandsPer1000People": 0.0004312357632903197,
    "bandsPer10kPeople": 0.004312357632903197,
    "bandsPer100kPeople": 0.043123576329031965,
    "bandsPer1kPeople": 0.0004312357632903197,
    "ranking": 134
  },
  {
    "country": "Uzbekistan",
    "alpha2": "UZ",
    "alpha3": "UZB",
    "numeric": 860,
    "latitude": 41,
    "longitude": 64,
    "totalPopulation": 30842796,
    "totalBands": 12,
    "bandsPerCapita": 3.890697847237974e-7,
    "bandsPer1000People": 0.0003890697847237974,
    "bandsPer10kPeople": 0.0038906978472379745,
    "bandsPer100kPeople": 0.03890697847237974,
    "bandsPer1kPeople": 0.0003890697847237974,
    "ranking": 135
  },
  {
    "country": "Iraq",
    "alpha2": "IQ",
    "alpha3": "IRQ",
    "numeric": 368,
    "latitude": 33,
    "longitude": 44,
    "totalPopulation": 39650145,
    "totalBands": 12,
    "bandsPerCapita": 3.0264706472069647e-7,
    "bandsPer1000People": 0.0003026470647206965,
    "bandsPer10kPeople": 0.0030264706472069645,
    "bandsPer100kPeople": 0.03026470647206965,
    "bandsPer1kPeople": 0.0003026470647206965,
    "ranking": 136
  },
  {
    "country": "China",
    "alpha2": "CN",
    "alpha3": "CHN",
    "numeric": 156,
    "latitude": 35,
    "longitude": 105,
    "totalPopulation": 1407098834,
    "totalBands": 375,
    "bandsPerCapita": 2.665057996913954e-7,
    "bandsPer1000People": 0.00026650579969139535,
    "bandsPer10kPeople": 0.002665057996913954,
    "bandsPer100kPeople": 0.026650579969139537,
    "bandsPer1kPeople": 0.00026650579969139535,
    "ranking": 137
  },
  {
    "country": "Cambodia",
    "alpha2": "KH",
    "alpha3": "KHM",
    "numeric": 116,
    "latitude": 13,
    "longitude": 105,
    "totalPopulation": 16528811,
    "totalBands": 4,
    "bandsPerCapita": 2.420016781606372e-7,
    "bandsPer1000People": 0.00024200167816063717,
    "bandsPer10kPeople": 0.002420016781606372,
    "bandsPer100kPeople": 0.02420016781606372,
    "bandsPer1kPeople": 0.00024200167816063717,
    "ranking": 138
  },
  {
    "country": "Pakistan",
    "alpha2": "PK",
    "alpha3": "PAK",
    "numeric": 586,
    "latitude": 30,
    "longitude": 70,
    "totalPopulation": 238181034,
    "totalBands": 57,
    "bandsPerCapita": 2.3931376500783854e-7,
    "bandsPer1000People": 0.00023931376500783852,
    "bandsPer10kPeople": 0.0023931376500783853,
    "bandsPer100kPeople": 0.023931376500783853,
    "bandsPer1kPeople": 0.00023931376500783852,
    "ranking": 139
  },
  {
    "country": "Angola",
    "alpha2": "AO",
    "alpha3": "AGO",
    "numeric": 24,
    "latitude": -12.5,
    "longitude": 18.5,
    "totalPopulation": 33642646,
    "totalBands": 8,
    "bandsPerCapita": 2.3779342445299933e-7,
    "bandsPer1000People": 0.0002377934244529993,
    "bandsPer10kPeople": 0.0023779342445299934,
    "bandsPer100kPeople": 0.02377934244529993,
    "bandsPer1kPeople": 0.0002377934244529993,
    "ranking": 140
  },
  {
    "country": "India",
    "alpha2": "IN",
    "alpha3": "IND",
    "numeric": 356,
    "latitude": 20,
    "longitude": 77,
    "totalPopulation": 1380721926,
    "totalBands": 293,
    "bandsPerCapita": 2.12207827284116e-7,
    "bandsPer1000People": 0.000212207827284116,
    "bandsPer10kPeople": 0.0021220782728411597,
    "bandsPer100kPeople": 0.021220782728411602,
    "bandsPer1kPeople": 0.000212207827284116,
    "ranking": 141
  },
  {
    "country": "Myanmar",
    "alpha2": "MM",
    "alpha3": "MMR",
    "numeric": 104,
    "latitude": 22,
    "longitude": 98,
    "totalPopulation": 57069099,
    "totalBands": 9,
    "bandsPerCapita": 1.5770355862811152e-7,
    "bandsPer1000People": 0.0001577035586281115,
    "bandsPer10kPeople": 0.0015770355862811153,
    "bandsPer100kPeople": 0.01577035586281115,
    "bandsPer1kPeople": 0.0001577035586281115,
    "ranking": 142
  },
  {
    "country": "Zimbabwe",
    "alpha2": "ZW",
    "alpha3": "ZWE",
    "numeric": 716,
    "latitude": -20,
    "longitude": 30,
    "totalPopulation": 14829988,
    "totalBands": 2,
    "bandsPerCapita": 1.348618758154086e-7,
    "bandsPer1000People": 0.00013486187581540862,
    "bandsPer10kPeople": 0.0013486187581540862,
    "bandsPer100kPeople": 0.01348618758154086,
    "bandsPer1kPeople": 0.00013486187581540862,
    "ranking": 143
  },
  {
    "country": "Kenya",
    "alpha2": "KE",
    "alpha3": "KEN",
    "numeric": 404,
    "latitude": 1,
    "longitude": 38,
    "totalPopulation": 54685051,
    "totalBands": 6,
    "bandsPerCapita": 1.0971919912811273e-7,
    "bandsPer1000People": 0.00010971919912811273,
    "bandsPer10kPeople": 0.0010971919912811272,
    "bandsPer100kPeople": 0.010971919912811273,
    "bandsPer1kPeople": 0.00010971919912811273,
    "ranking": 144
  },
  {
    "country": "Uganda",
    "alpha2": "UG",
    "alpha3": "UGA",
    "numeric": 800,
    "latitude": 1,
    "longitude": 32,
    "totalPopulation": 44712143,
    "totalBands": 3,
    "bandsPerCapita": 6.709586699970968e-8,
    "bandsPer1000People": 6.709586699970968e-5,
    "bandsPer10kPeople": 0.0006709586699970968,
    "bandsPer100kPeople": 0.006709586699970968,
    "bandsPer1kPeople": 6.709586699970968e-5,
    "ranking": 145
  },
  {
    "country": "Mozambique",
    "alpha2": "MZ",
    "alpha3": "MOZ",
    "numeric": 508,
    "latitude": -18.25,
    "longitude": 35,
    "totalPopulation": 30888034,
    "totalBands": 2,
    "bandsPerCapita": 6.474999347643816e-8,
    "bandsPer1000People": 6.474999347643816e-5,
    "bandsPer10kPeople": 0.0006474999347643816,
    "bandsPer100kPeople": 0.006474999347643816,
    "bandsPer1kPeople": 6.474999347643816e-5,
    "ranking": 146
  },
  {
    "country": "Afghanistan",
    "alpha2": "AF",
    "alpha3": "AFG",
    "numeric": 4,
    "latitude": 33,
    "longitude": 65,
    "totalPopulation": 37466414,
    "totalBands": 2,
    "bandsPerCapita": 5.338114290841926e-8,
    "bandsPer1000People": 5.338114290841926e-5,
    "bandsPer10kPeople": 0.0005338114290841926,
    "bandsPer100kPeople": 0.005338114290841926,
    "bandsPer1kPeople": 5.338114290841926e-5,
    "ranking": 147
  },
  {
    "country": "Malawi",
    "alpha2": "MW",
    "alpha3": "MWI",
    "numeric": 454,
    "latitude": -13.5,
    "longitude": 34,
    "totalPopulation": 20308502,
    "totalBands": 1,
    "bandsPerCapita": 4.924046096556014e-8,
    "bandsPer1000People": 4.924046096556014e-5,
    "bandsPer10kPeople": 0.0004924046096556014,
    "bandsPer100kPeople": 0.0049240460965560146,
    "bandsPer1kPeople": 4.924046096556014e-5,
    "ranking": 148
  },
  {
    "country": "Ethiopia",
    "alpha2": "ET",
    "alpha3": "ETH",
    "numeric": 231,
    "latitude": 8,
    "longitude": 38,
    "totalPopulation": 110871031,
    "totalBands": 1,
    "bandsPerCapita": 9.019488598423875e-9,
    "bandsPer1000People": 9.019488598423874e-6,
    "bandsPer10kPeople": 9.019488598423874e-5,
    "bandsPer100kPeople": 0.0009019488598423876,
    "bandsPer1kPeople": 9.019488598423874e-6,
    "ranking": 149
  },
  {
    "country": "American Samoa",
    "alpha2": "AS",
    "alpha3": "ASM",
    "numeric": 16,
    "latitude": -14.3333,
    "longitude": -170,
    "totalPopulation": 46366,
    "totalBands": 0,
    "bandsPerCapita": 0,
    "bandsPer1kPeople": 0,
    "bandsPer10kPeople": 0,
    "bandsPer100kPeople": 0,
    "ranking": 150
  },
  {
    "country": "Anguilla",
    "alpha2": "AI",
    "alpha3": "AIA",
    "numeric": 660,
    "latitude": 18.25,
    "longitude": -63.1667,
    "totalPopulation": 18403,
    "totalBands": 0,
    "bandsPerCapita": 0,
    "bandsPer1kPeople": 0,
    "bandsPer10kPeople": 0,
    "bandsPer100kPeople": 0,
    "ranking": 151
  },
  {
    "country": "Antarctica",
    "alpha2": "AQ",
    "alpha3": "ATA",
    "numeric": 10,
    "latitude": -90,
    "longitude": 0,
    "totalBands": 0,
    "bandsPerCapita": 0,
    "bandsPer1kPeople": 0,
    "bandsPer10kPeople": 0,
    "bandsPer100kPeople": 0,
    "totalPopulation": 0,
    "ranking": 152
  },
  {
    "country": "Antigua and Barbuda",
    "alpha2": "AG",
    "alpha3": "ATG",
    "numeric": 28,
    "latitude": 17.05,
    "longitude": -61.8,
    "totalPopulation": 99175,
    "totalBands": 0,
    "bandsPerCapita": 0,
    "bandsPer1kPeople": 0,
    "bandsPer10kPeople": 0,
    "bandsPer100kPeople": 0,
    "ranking": 153
  },
  {
    "country": "\u00c5land Islands",
    "alpha2": "AX",
    "alpha3": "ALA",
    "numeric": 248,
    "latitude": 60.1785,
    "longitude": 19.9156,
    "totalBands": 0,
    "bandsPerCapita": 0,
    "bandsPer1kPeople": 0,
    "bandsPer10kPeople": 0,
    "bandsPer100kPeople": 0,
    "totalPopulation": 0,
    "ranking": 154
  },
  {
    "country": "Bahamas",
    "alpha2": "BS",
    "alpha3": "BHS",
    "numeric": 44,
    "latitude": 24.25,
    "longitude": -76,
    "totalPopulation": 352655,
    "totalBands": 0,
    "bandsPerCapita": 0,
    "bandsPer1kPeople": 0,
    "bandsPer10kPeople": 0,
    "bandsPer100kPeople": 0,
    "ranking": 155
  },
  {
    "country": "Benin",
    "alpha2": "BJ",
    "alpha3": "BEN",
    "numeric": 204,
    "latitude": 9.5,
    "longitude": 2.25,
    "totalPopulation": 13301694,
    "totalBands": 0,
    "bandsPerCapita": 0,
    "bandsPer1kPeople": 0,
    "bandsPer10kPeople": 0,
    "bandsPer100kPeople": 0,
    "ranking": 156
  },
  {
    "country": "Bermuda",
    "alpha2": "BM",
    "alpha3": "BMU",
    "numeric": 60,
    "latitude": 32.3333,
    "longitude": -64.75,
    "totalPopulation": 72084,
    "totalBands": 0,
    "bandsPerCapita": 0,
    "bandsPer1kPeople": 0,
    "bandsPer10kPeople": 0,
    "bandsPer100kPeople": 0,
    "ranking": 157
  },
  {
    "country": "Bhutan",
    "alpha2": "BT",
    "alpha3": "BTN",
    "numeric": 64,
    "latitude": 27.5,
    "longitude": 90.5,
    "totalPopulation": 859364,
    "totalBands": 0,
    "bandsPerCapita": 0,
    "bandsPer1kPeople": 0,
    "bandsPer10kPeople": 0,
    "bandsPer100kPeople": 0,
    "ranking": 158
  },
  {
    "country": "Bouvet Island",
    "alpha2": "BV",
    "alpha3": "BVT",
    "numeric": 74,
    "latitude": -54.4333,
    "longitude": 3.4,
    "totalBands": 0,
    "bandsPerCapita": 0,
    "bandsPer1kPeople": 0,
    "bandsPer10kPeople": 0,
    "bandsPer100kPeople": 0,
    "totalPopulation": 0,
    "ranking": 159
  },
  {
    "country": "British Indian Ocean Territory",
    "alpha2": "IO",
    "alpha3": "IOT",
    "numeric": 86,
    "latitude": -6,
    "longitude": 71.5,
    "totalBands": 0,
    "bandsPerCapita": 0,
    "bandsPer1kPeople": 0,
    "bandsPer10kPeople": 0,
    "bandsPer100kPeople": 0,
    "totalPopulation": 0,
    "ranking": 160
  },
  {
    "country": "Burkina Faso",
    "alpha2": "BF",
    "alpha3": "BFA",
    "numeric": 854,
    "latitude": 13,
    "longitude": -2,
    "totalPopulation": 21382659,
    "totalBands": 0,
    "bandsPerCapita": 0,
    "bandsPer1kPeople": 0,
    "bandsPer10kPeople": 0,
    "bandsPer100kPeople": 0,
    "ranking": 161
  },
  {
    "country": "Burundi",
    "alpha2": "BI",
    "alpha3": "BDI",
    "numeric": 108,
    "latitude": -3.5,
    "longitude": 30,
    "totalPopulation": 12241065,
    "totalBands": 0,
    "bandsPerCapita": 0,
    "bandsPer1kPeople": 0,
    "bandsPer10kPeople": 0,
    "bandsPer100kPeople": 0,
    "ranking": 162
  },
  {
    "country": "Cameroon",
    "alpha2": "CM",
    "alpha3": "CMR",
    "numeric": 120,
    "latitude": 6,
    "longitude": 12,
    "totalPopulation": 28524175,
    "totalBands": 0,
    "bandsPerCapita": 0,
    "bandsPer1kPeople": 0,
    "bandsPer10kPeople": 0,
    "bandsPer100kPeople": 0,
    "ranking": 163
  },
  {
    "country": "Cape Verde",
    "alpha2": "CV",
    "alpha3": "CPV",
    "numeric": 132,
    "latitude": 16,
    "longitude": -24,
    "totalPopulation": 589451,
    "totalBands": 0,
    "bandsPerCapita": 0,
    "bandsPer1kPeople": 0,
    "bandsPer10kPeople": 0,
    "bandsPer100kPeople": 0,
    "ranking": 164
  },
  {
    "country": "Cayman Islands",
    "alpha2": "KY",
    "alpha3": "CYM",
    "numeric": 136,
    "latitude": 19.5,
    "longitude": -80.5,
    "totalPopulation": 63131,
    "totalBands": 0,
    "bandsPerCapita": 0,
    "bandsPer1kPeople": 0,
    "bandsPer10kPeople": 0,
    "bandsPer100kPeople": 0,
    "ranking": 165
  },
  {
    "country": "Central African Republic",
    "alpha2": "CF",
    "alpha3": "CAF",
    "numeric": 140,
    "latitude": 7,
    "longitude": 21,
    "totalPopulation": 5357984,
    "totalBands": 0,
    "bandsPerCapita": 0,
    "bandsPer1kPeople": 0,
    "bandsPer10kPeople": 0,
    "bandsPer100kPeople": 0,
    "ranking": 166
  },
  {
    "country": "Chad",
    "alpha2": "TD",
    "alpha3": "TCD",
    "numeric": 148,
    "latitude": 15,
    "longitude": 19,
    "totalPopulation": 17414108,
    "totalBands": 0,
    "bandsPerCapita": 0,
    "bandsPer1kPeople": 0,
    "bandsPer10kPeople": 0,
    "bandsPer100kPeople": 0,
    "ranking": 167
  },
  {
    "country": "Christmas Island",
    "alpha2": "CX",
    "alpha3": "CXR",
    "numeric": 162,
    "latitude": -10.5,
    "longitude": 105.6667,
    "totalBands": 0,
    "bandsPerCapita": 0,
    "bandsPer1kPeople": 0,
    "bandsPer10kPeople": 0,
    "bandsPer100kPeople": 0,
    "totalPopulation": 0,
    "ranking": 168
  },
  {
    "country": "Cocos (Keeling) Islands",
    "alpha2": "CC",
    "alpha3": "CCK",
    "numeric": 166,
    "latitude": -12.5,
    "longitude": 96.8333,
    "totalBands": 0,
    "bandsPerCapita": 0,
    "bandsPer1kPeople": 0,
    "bandsPer10kPeople": 0,
    "bandsPer100kPeople": 0,
    "totalPopulation": 0,
    "ranking": 169
  },
  {
    "country": "Comoros",
    "alpha2": "KM",
    "alpha3": "COM",
    "numeric": 174,
    "latitude": -12.1667,
    "longitude": 44.25,
    "totalPopulation": 864335,
    "totalBands": 0,
    "bandsPerCapita": 0,
    "bandsPer1kPeople": 0,
    "bandsPer10kPeople": 0,
    "bandsPer100kPeople": 0,
    "ranking": 170
  },
  {
    "country": "Congo",
    "alpha2": "CG",
    "alpha3": "COG",
    "numeric": 178,
    "latitude": -1,
    "longitude": 15,
    "totalPopulation": 5417414,
    "totalBands": 0,
    "bandsPerCapita": 0,
    "bandsPer1kPeople": 0,
    "bandsPer10kPeople": 0,
    "bandsPer100kPeople": 0,
    "ranking": 171
  },
  {
    "country": "Congo, the Democratic Republic of the",
    "alpha2": "CD",
    "alpha3": "COD",
    "numeric": 180,
    "latitude": 0,
    "longitude": 25,
    "totalPopulation": 105044646,
    "totalBands": 0,
    "bandsPerCapita": 0,
    "bandsPer1kPeople": 0,
    "bandsPer10kPeople": 0,
    "bandsPer100kPeople": 0,
    "ranking": 172
  },
  {
    "country": "Cook Islands",
    "alpha2": "CK",
    "alpha3": "COK",
    "numeric": 184,
    "latitude": -21.2333,
    "longitude": -159.7667,
    "totalPopulation": 8327,
    "totalBands": 0,
    "bandsPerCapita": 0,
    "bandsPer1kPeople": 0,
    "bandsPer10kPeople": 0,
    "bandsPer100kPeople": 0,
    "ranking": 173
  },
  {
    "country": "C\u00f4te d'Ivoire",
    "alpha2": "CI",
    "alpha3": "CIV",
    "numeric": 384,
    "latitude": 8,
    "longitude": -5,
    "totalPopulation": 28088455,
    "totalBands": 0,
    "bandsPerCapita": 0,
    "bandsPer1kPeople": 0,
    "bandsPer10kPeople": 0,
    "bandsPer100kPeople": 0,
    "ranking": 174
  },
  {
    "country": "Djibouti",
    "alpha2": "DJ",
    "alpha3": "DJI",
    "numeric": 262,
    "latitude": 11.5,
    "longitude": 43,
    "totalPopulation": 938413,
    "totalBands": 0,
    "bandsPerCapita": 0,
    "bandsPer1kPeople": 0,
    "bandsPer10kPeople": 0,
    "bandsPer100kPeople": 0,
    "ranking": 175
  },
  {
    "country": "Dominica",
    "alpha2": "DM",
    "alpha3": "DMA",
    "numeric": 212,
    "latitude": 15.4167,
    "longitude": -61.3333,
    "totalPopulation": 74584,
    "totalBands": 0,
    "bandsPerCapita": 0,
    "bandsPer1kPeople": 0,
    "bandsPer10kPeople": 0,
    "bandsPer100kPeople": 0,
    "ranking": 176
  },
  {
    "country": "Equatorial Guinea",
    "alpha2": "GQ",
    "alpha3": "GNQ",
    "numeric": 226,
    "latitude": 2,
    "longitude": 10,
    "totalPopulation": 1620289,
    "totalBands": 0,
    "bandsPerCapita": 0,
    "bandsPer1kPeople": 0,
    "bandsPer10kPeople": 0,
    "bandsPer100kPeople": 0,
    "ranking": 177
  },
  {
    "country": "Eritrea",
    "alpha2": "ER",
    "alpha3": "ERI",
    "numeric": 232,
    "latitude": 15,
    "longitude": 39,
    "totalPopulation": 6147398,
    "totalBands": 0,
    "bandsPerCapita": 0,
    "bandsPer1kPeople": 0,
    "bandsPer10kPeople": 0,
    "bandsPer100kPeople": 0,
    "ranking": 178
  },
  {
    "country": "Falkland Islands (Malvinas)",
    "alpha2": "FK",
    "alpha3": "FLK",
    "numeric": 238,
    "latitude": -51.75,
    "longitude": -59,
    "totalBands": 0,
    "bandsPerCapita": 0,
    "bandsPer1kPeople": 0,
    "bandsPer10kPeople": 0,
    "bandsPer100kPeople": 0,
    "totalPopulation": 0,
    "ranking": 179
  },
  {
    "country": "Fiji",
    "alpha2": "FJ",
    "alpha3": "FJI",
    "numeric": 242,
    "latitude": -18,
    "longitude": 175,
    "totalPopulation": 939535,
    "totalBands": 0,
    "bandsPerCapita": 0,
    "bandsPer1kPeople": 0,
    "bandsPer10kPeople": 0,
    "bandsPer100kPeople": 0,
    "ranking": 180
  },
  {
    "country": "French Guiana",
    "alpha2": "GF",
    "alpha3": "GUF",
    "numeric": 254,
    "latitude": 4,
    "longitude": -53,
    "totalBands": 0,
    "bandsPerCapita": 0,
    "bandsPer1kPeople": 0,
    "bandsPer10kPeople": 0,
    "bandsPer100kPeople": 0,
    "totalPopulation": 0,
    "ranking": 181
  },
  {
    "country": "French Southern Territories",
    "alpha2": "TF",
    "alpha3": "ATF",
    "numeric": 260,
    "latitude": -43,
    "longitude": 67,
    "totalBands": 0,
    "bandsPerCapita": 0,
    "bandsPer1kPeople": 0,
    "bandsPer10kPeople": 0,
    "bandsPer100kPeople": 0,
    "totalPopulation": 0,
    "ranking": 182
  },
  {
    "country": "Gabon",
    "alpha2": "GA",
    "alpha3": "GAB",
    "numeric": 266,
    "latitude": -1,
    "longitude": 11.75,
    "totalPopulation": 2284912,
    "totalBands": 0,
    "bandsPerCapita": 0,
    "bandsPer1kPeople": 0,
    "bandsPer10kPeople": 0,
    "bandsPer100kPeople": 0,
    "ranking": 183
  },
  {
    "country": "Gambia",
    "alpha2": "GM",
    "alpha3": "GMB",
    "numeric": 270,
    "latitude": 13.4667,
    "longitude": -16.5667,
    "totalPopulation": 2357958,
    "totalBands": 0,
    "bandsPerCapita": 0,
    "bandsPer1kPeople": 0,
    "bandsPer10kPeople": 0,
    "bandsPer100kPeople": 0,
    "ranking": 184
  },
  {
    "country": "Ghana",
    "alpha2": "GH",
    "alpha3": "GHA",
    "numeric": 288,
    "latitude": 8,
    "longitude": -2,
    "totalPopulation": 32372889,
    "totalBands": 0,
    "bandsPerCapita": 0,
    "bandsPer1kPeople": 0,
    "bandsPer10kPeople": 0,
    "bandsPer100kPeople": 0,
    "ranking": 185
  },
  {
    "country": "Grenada",
    "alpha2": "GD",
    "alpha3": "GRD",
    "numeric": 308,
    "latitude": 12.1167,
    "longitude": -61.6667,
    "totalPopulation": 113570,
    "totalBands": 0,
    "bandsPerCapita": 0,
    "bandsPer1kPeople": 0,
    "bandsPer10kPeople": 0,
    "bandsPer100kPeople": 0,
    "ranking": 186
  },
  {
    "country": "Guadeloupe",
    "alpha2": "GP",
    "alpha3": "GLP",
    "numeric": 312,
    "latitude": 16.25,
    "longitude": -61.5833,
    "totalBands": 0,
    "bandsPerCapita": 0,
    "bandsPer1kPeople": 0,
    "bandsPer10kPeople": 0,
    "bandsPer100kPeople": 0,
    "totalPopulation": 0,
    "ranking": 187
  },
  {
    "country": "Guinea",
    "alpha2": "GN",
    "alpha3": "GIN",
    "numeric": 324,
    "latitude": 11,
    "longitude": -10,
    "totalPopulation": 12877894,
    "totalBands": 0,
    "bandsPerCapita": 0,
    "bandsPer1kPeople": 0,
    "bandsPer10kPeople": 0,
    "bandsPer100kPeople": 0,
    "ranking": 188
  },
  {
    "country": "Guinea-Bissau",
    "alpha2": "GW",
    "alpha3": "GNB",
    "numeric": 624,
    "latitude": 12,
    "longitude": -15,
    "totalPopulation": 1976187,
    "totalBands": 0,
    "bandsPerCapita": 0,
    "bandsPer1kPeople": 0,
    "bandsPer10kPeople": 0,
    "bandsPer100kPeople": 0,
    "ranking": 189
  },
  {
    "country": "Haiti",
    "alpha2": "HT",
    "alpha3": "HTI",
    "numeric": 332,
    "latitude": 19,
    "longitude": -72.4167,
    "totalPopulation": 11198240,
    "totalBands": 0,
    "bandsPerCapita": 0,
    "bandsPer1kPeople": 0,
    "bandsPer10kPeople": 0,
    "bandsPer100kPeople": 0,
    "ranking": 190
  },
  {
    "country": "Heard Island and McDonald Islands",
    "alpha2": "HM",
    "alpha3": "HMD",
    "numeric": 334,
    "latitude": -53.1,
    "longitude": 72.5167,
    "totalBands": 0,
    "bandsPerCapita": 0,
    "bandsPer1kPeople": 0,
    "bandsPer10kPeople": 0,
    "bandsPer100kPeople": 0,
    "totalPopulation": 0,
    "ranking": 191
  },
  {
    "country": "Holy See (Vatican City State)",
    "alpha2": "VA",
    "alpha3": "VAT",
    "numeric": 336,
    "latitude": 41.9,
    "longitude": 12.45,
    "totalBands": 0,
    "bandsPerCapita": 0,
    "bandsPer1kPeople": 0,
    "bandsPer10kPeople": 0,
    "bandsPer100kPeople": 0,
    "totalPopulation": 0,
    "ranking": 192
  },
  {
    "country": "Kiribati",
    "alpha2": "KI",
    "alpha3": "KIR",
    "numeric": 296,
    "latitude": 1.4167,
    "longitude": 173,
    "totalPopulation": 113001,
    "totalBands": 0,
    "bandsPerCapita": 0,
    "bandsPer1kPeople": 0,
    "bandsPer10kPeople": 0,
    "bandsPer100kPeople": 0,
    "ranking": 193
  },
  {
    "country": "Korea, Democratic People's Republic of",
    "alpha2": "KP",
    "alpha3": "PRK",
    "numeric": 408,
    "latitude": 40,
    "longitude": 127,
    "totalPopulation": 25831360,
    "totalBands": 0,
    "bandsPerCapita": 0,
    "bandsPer1kPeople": 0,
    "bandsPer10kPeople": 0,
    "bandsPer100kPeople": 0,
    "ranking": 194
  },
  {
    "country": "Lesotho",
    "alpha2": "LS",
    "alpha3": "LSO",
    "numeric": 426,
    "latitude": -29.5,
    "longitude": 28.5,
    "totalPopulation": 2177740,
    "totalBands": 0,
    "bandsPerCapita": 0,
    "bandsPer1kPeople": 0,
    "bandsPer10kPeople": 0,
    "bandsPer100kPeople": 0,
    "ranking": 195
  },
  {
    "country": "Liberia",
    "alpha2": "LR",
    "alpha3": "LBR",
    "numeric": 430,
    "latitude": 6.5,
    "longitude": -9.5,
    "totalPopulation": 5214030,
    "totalBands": 0,
    "bandsPerCapita": 0,
    "bandsPer1kPeople": 0,
    "bandsPer10kPeople": 0,
    "bandsPer100kPeople": 0,
    "ranking": 196
  },
  {
    "country": "Macao",
    "alpha2": "MO",
    "alpha3": "MAC",
    "numeric": 446,
    "latitude": 22.1667,
    "longitude": 113.55,
    "totalPopulation": 630396,
    "totalBands": 0,
    "bandsPerCapita": 0,
    "bandsPer1kPeople": 0,
    "bandsPer10kPeople": 0,
    "bandsPer100kPeople": 0,
    "ranking": 197
  },
  {
    "country": "Mali",
    "alpha2": "ML",
    "alpha3": "MLI",
    "numeric": 466,
    "latitude": 17,
    "longitude": -4,
    "totalPopulation": 20137527,
    "totalBands": 0,
    "bandsPerCapita": 0,
    "bandsPer1kPeople": 0,
    "bandsPer10kPeople": 0,
    "bandsPer100kPeople": 0,
    "ranking": 198
  },
  {
    "country": "Marshall Islands",
    "alpha2": "MH",
    "alpha3": "MHL",
    "numeric": 584,
    "latitude": 9,
    "longitude": 168,
    "totalPopulation": 78831,
    "totalBands": 0,
    "bandsPerCapita": 0,
    "bandsPer1kPeople": 0,
    "bandsPer10kPeople": 0,
    "bandsPer100kPeople": 0,
    "ranking": 199
  },
  {
    "country": "Martinique",
    "alpha2": "MQ",
    "alpha3": "MTQ",
    "numeric": 474,
    "latitude": 14.6667,
    "longitude": -61,
    "totalBands": 0,
    "bandsPerCapita": 0,
    "bandsPer1kPeople": 0,
    "bandsPer10kPeople": 0,
    "bandsPer100kPeople": 0,
    "totalPopulation": 0,
    "ranking": 200
  },
  {
    "country": "Mauritania",
    "alpha2": "MR",
    "alpha3": "MRT",
    "numeric": 478,
    "latitude": 20,
    "longitude": -12,
    "totalPopulation": 4079284,
    "totalBands": 0,
    "bandsPerCapita": 0,
    "bandsPer1kPeople": 0,
    "bandsPer10kPeople": 0,
    "bandsPer100kPeople": 0,
    "ranking": 201
  },
  {
    "country": "Mayotte",
    "alpha2": "YT",
    "alpha3": "MYT",
    "numeric": 175,
    "latitude": -12.8333,
    "longitude": 45.1667,
    "totalBands": 0,
    "bandsPerCapita": 0,
    "bandsPer1kPeople": 0,
    "bandsPer10kPeople": 0,
    "bandsPer100kPeople": 0,
    "totalPopulation": 0,
    "ranking": 202
  },
  {
    "country": "Micronesia, Federated States of",
    "alpha2": "FM",
    "alpha3": "FSM",
    "numeric": 583,
    "latitude": 6.9167,
    "longitude": 158.25,
    "totalPopulation": 101675,
    "totalBands": 0,
    "bandsPerCapita": 0,
    "bandsPer1kPeople": 0,
    "bandsPer10kPeople": 0,
    "bandsPer100kPeople": 0,
    "ranking": 203
  },
  {
    "country": "Montserrat",
    "alpha2": "MS",
    "alpha3": "MSR",
    "numeric": 500,
    "latitude": 16.75,
    "longitude": -62.2,
    "totalPopulation": 5387,
    "totalBands": 0,
    "bandsPerCapita": 0,
    "bandsPer1kPeople": 0,
    "bandsPer10kPeople": 0,
    "bandsPer100kPeople": 0,
    "ranking": 204
  },
  {
    "country": "Nauru",
    "alpha2": "NR",
    "alpha3": "NRU",
    "numeric": 520,
    "latitude": -0.5333,
    "longitude": 166.9167,
    "totalPopulation": 9770,
    "totalBands": 0,
    "bandsPerCapita": 0,
    "bandsPer1kPeople": 0,
    "bandsPer10kPeople": 0,
    "bandsPer100kPeople": 0,
    "ranking": 205
  },
  {
    "country": "Netherlands Antilles",
    "alpha2": "AN",
    "alpha3": "ANT",
    "numeric": 530,
    "latitude": 12.25,
    "longitude": -68.75,
    "totalBands": 0,
    "bandsPerCapita": 0,
    "bandsPer1kPeople": 0,
    "bandsPer10kPeople": 0,
    "bandsPer100kPeople": 0,
    "totalPopulation": 0,
    "ranking": 206
  },
  {
    "country": "Niger",
    "alpha2": "NE",
    "alpha3": "NER",
    "numeric": 562,
    "latitude": 16,
    "longitude": 8,
    "totalPopulation": 23605767,
    "totalBands": 0,
    "bandsPerCapita": 0,
    "bandsPer1kPeople": 0,
    "bandsPer10kPeople": 0,
    "bandsPer100kPeople": 0,
    "ranking": 207
  },
  {
    "country": "Nigeria",
    "alpha2": "NG",
    "alpha3": "NGA",
    "numeric": 566,
    "latitude": 10,
    "longitude": 8,
    "totalPopulation": 219463862,
    "totalBands": 0,
    "bandsPerCapita": 0,
    "bandsPer1kPeople": 0,
    "bandsPer10kPeople": 0,
    "bandsPer100kPeople": 0,
    "ranking": 208
  },
  {
    "country": "Niue",
    "alpha2": "NU",
    "alpha3": "NIU",
    "numeric": 570,
    "latitude": -19.0333,
    "longitude": -169.8667,
    "totalBands": 0,
    "bandsPerCapita": 0,
    "bandsPer1kPeople": 0,
    "bandsPer10kPeople": 0,
    "bandsPer100kPeople": 0,
    "totalPopulation": 0,
    "ranking": 209
  },
  {
    "country": "Norfolk Island",
    "alpha2": "NF",
    "alpha3": "NFK",
    "numeric": 574,
    "latitude": -29.0333,
    "longitude": 167.95,
    "totalBands": 0,
    "bandsPerCapita": 0,
    "bandsPer1kPeople": 0,
    "bandsPer10kPeople": 0,
    "bandsPer100kPeople": 0,
    "totalPopulation": 0,
    "ranking": 210
  },
  {
    "country": "Northern Mariana Islands",
    "alpha2": "MP",
    "alpha3": "MNP",
    "numeric": 580,
    "latitude": 15.2,
    "longitude": 145.75,
    "totalPopulation": 51659,
    "totalBands": 0,
    "bandsPerCapita": 0,
    "bandsPer1kPeople": 0,
    "bandsPer10kPeople": 0,
    "bandsPer100kPeople": 0,
    "ranking": 211
  },
  {
    "country": "Palau",
    "alpha2": "PW",
    "alpha3": "PLW",
    "numeric": 585,
    "latitude": 7.5,
    "longitude": 134.5,
    "totalPopulation": 21613,
    "totalBands": 0,
    "bandsPerCapita": 0,
    "bandsPer1kPeople": 0,
    "bandsPer10kPeople": 0,
    "bandsPer100kPeople": 0,
    "ranking": 212
  },
  {
    "country": "Palestinian Territory, Occupied",
    "alpha2": "PS",
    "alpha3": "PSE",
    "numeric": 275,
    "latitude": 32,
    "longitude": 35.25,
    "totalBands": 0,
    "bandsPerCapita": 0,
    "bandsPer1kPeople": 0,
    "bandsPer10kPeople": 0,
    "bandsPer100kPeople": 0,
    "totalPopulation": 0,
    "ranking": 213
  },
  {
    "country": "Papua New Guinea",
    "alpha2": "PG",
    "alpha3": "PNG",
    "numeric": 598,
    "latitude": -6,
    "longitude": 147,
    "totalPopulation": 9368881,
    "totalBands": 0,
    "bandsPerCapita": 0,
    "bandsPer1kPeople": 0,
    "bandsPer10kPeople": 0,
    "bandsPer100kPeople": 0,
    "ranking": 214
  },
  {
    "country": "Pitcairn",
    "alpha2": "PN",
    "alpha3": "PCN",
    "numeric": 612,
    "latitude": -24.7,
    "longitude": -127.4,
    "totalBands": 0,
    "bandsPerCapita": 0,
    "bandsPer1kPeople": 0,
    "bandsPer10kPeople": 0,
    "bandsPer100kPeople": 0,
    "totalPopulation": 0,
    "ranking": 215
  },
  {
    "country": "R\u00e9union",
    "alpha2": "RE",
    "alpha3": "REU",
    "numeric": 638,
    "latitude": -21.1,
    "longitude": 55.6,
    "totalBands": 0,
    "bandsPerCapita": 0,
    "bandsPer1kPeople": 0,
    "bandsPer10kPeople": 0,
    "bandsPer100kPeople": 0,
    "totalPopulation": 0,
    "ranking": 216
  },
  {
    "country": "Rwanda",
    "alpha2": "RW",
    "alpha3": "RWA",
    "numeric": 646,
    "latitude": -2,
    "longitude": 30,
    "totalPopulation": 12943132,
    "totalBands": 0,
    "bandsPerCapita": 0,
    "bandsPer1kPeople": 0,
    "bandsPer10kPeople": 0,
    "bandsPer100kPeople": 0,
    "ranking": 217
  },
  {
    "country": "Saint Helena, Ascension and Tristan da Cunha",
    "alpha2": "SH",
    "alpha3": "SHN",
    "numeric": 654,
    "latitude": -15.9333,
    "longitude": -5.7,
    "totalPopulation": 7915,
    "totalBands": 0,
    "bandsPerCapita": 0,
    "bandsPer1kPeople": 0,
    "bandsPer10kPeople": 0,
    "bandsPer100kPeople": 0,
    "ranking": 218
  },
  {
    "country": "Saint Kitts and Nevis",
    "alpha2": "KN",
    "alpha3": "KNA",
    "numeric": 659,
    "latitude": 17.3333,
    "longitude": -62.75,
    "totalPopulation": 54149,
    "totalBands": 0,
    "bandsPerCapita": 0,
    "bandsPer1kPeople": 0,
    "bandsPer10kPeople": 0,
    "bandsPer100kPeople": 0,
    "ranking": 219
  },
  {
    "country": "Saint Lucia",
    "alpha2": "LC",
    "alpha3": "LCA",
    "numeric": 662,
    "latitude": 13.8833,
    "longitude": -61.1333,
    "totalPopulation": 166637,
    "totalBands": 0,
    "bandsPerCapita": 0,
    "bandsPer1kPeople": 0,
    "bandsPer10kPeople": 0,
    "bandsPer100kPeople": 0,
    "ranking": 220
  },
  {
    "country": "Saint Vincent and the Grenadines",
    "alpha2": "VC",
    "alpha3": "VCT",
    "numeric": 670,
    "latitude": 13.25,
    "longitude": -61.2,
    "totalPopulation": 101145,
    "totalBands": 0,
    "bandsPerCapita": 0,
    "bandsPer1kPeople": 0,
    "bandsPer10kPeople": 0,
    "bandsPer100kPeople": 0,
    "ranking": 221
  },
  {
    "country": "Samoa",
    "alpha2": "WS",
    "alpha3": "WSM",
    "numeric": 882,
    "latitude": -13.5833,
    "longitude": -172.3333,
    "totalPopulation": 204898,
    "totalBands": 0,
    "bandsPerCapita": 0,
    "bandsPer1kPeople": 0,
    "bandsPer10kPeople": 0,
    "bandsPer100kPeople": 0,
    "ranking": 222
  },
  {
    "country": "Sao Tome and Principe",
    "alpha2": "ST",
    "alpha3": "STP",
    "numeric": 678,
    "latitude": 1,
    "longitude": 7,
    "totalPopulation": 213948,
    "totalBands": 0,
    "bandsPerCapita": 0,
    "bandsPer1kPeople": 0,
    "bandsPer10kPeople": 0,
    "bandsPer100kPeople": 0,
    "ranking": 223
  },
  {
    "country": "Senegal",
    "alpha2": "SN",
    "alpha3": "SEN",
    "numeric": 686,
    "latitude": 14,
    "longitude": -14,
    "totalPopulation": 17462980,
    "totalBands": 0,
    "bandsPerCapita": 0,
    "bandsPer1kPeople": 0,
    "bandsPer10kPeople": 0,
    "bandsPer100kPeople": 0,
    "ranking": 224
  },
  {
    "country": "Seychelles",
    "alpha2": "SC",
    "alpha3": "SYC",
    "numeric": 690,
    "latitude": -4.5833,
    "longitude": 55.6667,
    "totalPopulation": 96387,
    "totalBands": 0,
    "bandsPerCapita": 0,
    "bandsPer1kPeople": 0,
    "bandsPer10kPeople": 0,
    "bandsPer100kPeople": 0,
    "ranking": 225
  },
  {
    "country": "Sierra Leone",
    "alpha2": "SL",
    "alpha3": "SLE",
    "numeric": 694,
    "latitude": 8.5,
    "longitude": -11.5,
    "totalPopulation": 8475149,
    "totalBands": 0,
    "bandsPerCapita": 0,
    "bandsPer1kPeople": 0,
    "bandsPer10kPeople": 0,
    "bandsPer100kPeople": 0,
    "ranking": 226
  },
  {
    "country": "Solomon Islands",
    "alpha2": "SB",
    "alpha3": "SLB",
    "numeric": 90,
    "latitude": -8,
    "longitude": 159,
    "totalPopulation": 690598,
    "totalBands": 0,
    "bandsPerCapita": 0,
    "bandsPer1kPeople": 0,
    "bandsPer10kPeople": 0,
    "bandsPer100kPeople": 0,
    "ranking": 227
  },
  {
    "country": "Somalia",
    "alpha2": "SO",
    "alpha3": "SOM",
    "numeric": 706,
    "latitude": 10,
    "longitude": 49,
    "totalPopulation": 12094640,
    "totalBands": 0,
    "bandsPerCapita": 0,
    "bandsPer1kPeople": 0,
    "bandsPer10kPeople": 0,
    "bandsPer100kPeople": 0,
    "ranking": 228
  },
  {
    "country": "South Georgia and the South Sandwich Islands",
    "alpha2": "GS",
    "alpha3": "SGS",
    "numeric": 239,
    "latitude": -54.5,
    "longitude": -37,
    "totalBands": 0,
    "bandsPerCapita": 0,
    "bandsPer1kPeople": 0,
    "bandsPer10kPeople": 0,
    "bandsPer100kPeople": 0,
    "totalPopulation": 0,
    "ranking": 229
  },
  {
    "country": "Sudan",
    "alpha2": "SD",
    "alpha3": "SDN",
    "numeric": 736,
    "latitude": 15,
    "longitude": 30,
    "totalPopulation": 46751152,
    "totalBands": 0,
    "bandsPerCapita": 0,
    "bandsPer1kPeople": 0,
    "bandsPer10kPeople": 0,
    "bandsPer100kPeople": 0,
    "ranking": 230
  },
  {
    "country": "Svalbard and Jan Mayen",
    "alpha2": "SJ",
    "alpha3": "SJM",
    "numeric": 744,
    "latitude": 78,
    "longitude": 20,
    "totalBands": 0,
    "bandsPerCapita": 0,
    "bandsPer1kPeople": 0,
    "bandsPer10kPeople": 0,
    "bandsPer100kPeople": 0,
    "totalPopulation": 0,
    "ranking": 231
  },
  {
    "country": "Swaziland",
    "alpha2": "SZ",
    "alpha3": "SWZ",
    "numeric": 748,
    "latitude": -26.5,
    "longitude": 31.5,
    "totalPopulation": 1113276,
    "totalBands": 0,
    "bandsPerCapita": 0,
    "bandsPer1kPeople": 0,
    "bandsPer10kPeople": 0,
    "bandsPer100kPeople": 0,
    "ranking": 232
  },
  {
    "country": "Tanzania, United Republic of",
    "alpha2": "TZ",
    "alpha3": "TZA",
    "numeric": 834,
    "latitude": -6,
    "longitude": 35,
    "totalPopulation": 62092761,
    "totalBands": 0,
    "bandsPerCapita": 0,
    "bandsPer1kPeople": 0,
    "bandsPer10kPeople": 0,
    "bandsPer100kPeople": 0,
    "ranking": 233
  },
  {
    "country": "Togo",
    "alpha2": "TG",
    "alpha3": "TGO",
    "numeric": 768,
    "latitude": 8,
    "longitude": 1.1667,
    "totalPopulation": 8283189,
    "totalBands": 0,
    "bandsPerCapita": 0,
    "bandsPer1kPeople": 0,
    "bandsPer10kPeople": 0,
    "bandsPer100kPeople": 0,
    "ranking": 234
  },
  {
    "country": "Tokelau",
    "alpha2": "TK",
    "alpha3": "TKL",
    "numeric": 772,
    "latitude": -9,
    "longitude": -172,
    "totalBands": 0,
    "bandsPerCapita": 0,
    "bandsPer1kPeople": 0,
    "bandsPer10kPeople": 0,
    "bandsPer100kPeople": 0,
    "totalPopulation": 0,
    "ranking": 235
  },
  {
    "country": "Tonga",
    "alpha2": "TO",
    "alpha3": "TON",
    "numeric": 776,
    "latitude": -20,
    "longitude": -175,
    "totalPopulation": 105780,
    "totalBands": 0,
    "bandsPerCapita": 0,
    "bandsPer1kPeople": 0,
    "bandsPer10kPeople": 0,
    "bandsPer100kPeople": 0,
    "ranking": 236
  },
  {
    "country": "Turks and Caicos Islands",
    "alpha2": "TC",
    "alpha3": "TCA",
    "numeric": 796,
    "latitude": 21.75,
    "longitude": -71.5833,
    "totalPopulation": 57196,
    "totalBands": 0,
    "bandsPerCapita": 0,
    "bandsPer1kPeople": 0,
    "bandsPer10kPeople": 0,
    "bandsPer100kPeople": 0,
    "ranking": 237
  },
  {
    "country": "Tuvalu",
    "alpha2": "TV",
    "alpha3": "TUV",
    "numeric": 798,
    "latitude": -8,
    "longitude": 178,
    "totalPopulation": 11448,
    "totalBands": 0,
    "bandsPerCapita": 0,
    "bandsPer1kPeople": 0,
    "bandsPer10kPeople": 0,
    "bandsPer100kPeople": 0,
    "ranking": 238
  },
  {
    "country": "United States Minor Outlying Islands",
    "alpha2": "UM",
    "alpha3": "UMI",
    "numeric": 581,
    "latitude": 19.2833,
    "longitude": 166.6,
    "totalBands": 0,
    "bandsPerCapita": 0,
    "bandsPer1kPeople": 0,
    "bandsPer10kPeople": 0,
    "bandsPer100kPeople": 0,
    "totalPopulation": 0,
    "ranking": 239
  },
  {
    "country": "Vanuatu",
    "alpha2": "VU",
    "alpha3": "VUT",
    "numeric": 548,
    "latitude": -16,
    "longitude": 167,
    "totalPopulation": 303009,
    "totalBands": 0,
    "bandsPerCapita": 0,
    "bandsPer1kPeople": 0,
    "bandsPer10kPeople": 0,
    "bandsPer100kPeople": 0,
    "ranking": 240
  },
  {
    "country": "Virgin Islands, British",
    "alpha2": "VG",
    "alpha3": "VGB",
    "numeric": 92,
    "latitude": 18.5,
    "longitude": -64.5,
    "totalPopulation": 37891,
    "totalBands": 0,
    "bandsPerCapita": 0,
    "bandsPer1kPeople": 0,
    "bandsPer10kPeople": 0,
    "bandsPer100kPeople": 0,
    "ranking": 241
  },
  {
    "country": "Wallis and Futuna",
    "alpha2": "WF",
    "alpha3": "WLF",
    "numeric": 876,
    "latitude": -13.3,
    "longitude": -176.2,
    "totalPopulation": 15851,
    "totalBands": 0,
    "bandsPerCapita": 0,
    "bandsPer1kPeople": 0,
    "bandsPer10kPeople": 0,
    "bandsPer100kPeople": 0,
    "ranking": 242
  },
  {
    "country": "Western Sahara",
    "alpha2": "EH",
    "alpha3": "ESH",
    "numeric": 732,
    "latitude": 24.5,
    "longitude": -13,
    "totalBands": 0,
    "bandsPerCapita": 0,
    "bandsPer1kPeople": 0,
    "bandsPer10kPeople": 0,
    "bandsPer100kPeople": 0,
    "totalPopulation": 0,
    "ranking": 243
  },
  {
    "country": "Yemen",
    "alpha2": "YE",
    "alpha3": "YEM",
    "numeric": 887,
    "latitude": 15,
    "longitude": 48,
    "totalPopulation": 30399243,
    "totalBands": 0,
    "bandsPerCapita": 0,
    "bandsPer1kPeople": 0,
    "bandsPer10kPeople": 0,
    "bandsPer100kPeople": 0,
    "ranking": 244
  },
  {
    "country": "Zambia",
    "alpha2": "ZM",
    "alpha3": "ZMB",
    "numeric": 894,
    "latitude": -15,
    "longitude": 30,
    "totalPopulation": 19077816,
    "totalBands": 0,
    "bandsPerCapita": 0,
    "bandsPer1kPeople": 0,
    "bandsPer10kPeople": 0,
    "bandsPer100kPeople": 0,
    "ranking": 245
  },
  {
    "country": "International",
    "alpha2": "XX",
    "alpha3": "XXX",
    "numeric": 1000,
    "latitude": 32.819259,
    "longitude": -42.161761,
    "totalBands": 0,
    "bandsPerCapita": 0,
    "bandsPer1kPeople": 0,
    "bandsPer10kPeople": 0,
    "bandsPer100kPeople": 0,
    "totalPopulation": 0,
    "ranking": 246
  },
  {
    "country": "Unknown",
    "alpha2": "ZZ",
    "alpha3": "ZZZ",
    "numeric": 1001,
    "latitude": 32.819259,
    "longitude": -42.161761,
    "totalBands": 0,
    "bandsPerCapita": 0,
    "bandsPer1kPeople": 0,
    "bandsPer10kPeople": 0,
    "bandsPer100kPeople": 0,
    "totalPopulation": 0,
    "ranking": 247
  }
]
