{
  "AF": "Afghanistan",
  "AX": "Åland Islands",
  "AL": "Albania",
  "DZ": "Algeria",
  "AD": "Andorra",
  "AO": "Angola",
  "AR": "Argentina",
  "AM": "Armenia",
  "AW": "Aruba",
  "AU": "Australia",
  "AT": "Austria",
  "AZ": "Azerbaijan",
  "BH": "Bahrain",
  "BD": "Bangladesh",
  "BB": "Barbados",
  "BY": "Belarus",
  "BE": "Belgium",
  "BZ": "Belize",
  "BO": "Bolivia",
  "BA": "Bosnia and Herzegovina",
  "BW": "Botswana",
  "BR": "Brazil",
  "BN": "Brunei",
  "BG": "Bulgaria",
  "KH": "Cambodia",
  "CA": "Canada",
  "CL": "Chile",
  "CN": "China",
  "CO": "Colombia",
  "CR": "Costa Rica",
  "HR": "Croatia",
  "CU": "Cuba",
  "CW": "Curaçao",
  "CY": "Cyprus",
  "CZ": "Czechia",
  "DK": "Denmark",
  "DO": "Dominican Republic",
  "TL": "East Timor",
  "EC": "Ecuador",
  "EG": "Egypt",
  "SV": "El Salvador",
  "EE": "Estonia",
  "ET": "Ethiopia",
  "FK": "Falkland Islands",
  "FO": "Faroe Islands",
  "FI": "Finland",
  "FR": "France",
  "PF": "French Polynesia",
  "GE": "Georgia",
  "DE": "Germany",
  "GI": "Gibraltar",
  "GR": "Greece",
  "GL": "Greenland",
  "GU": "Guam",
  "GT": "Guatemala",
  "GG": "Guernsey",
  "GY": "Guyana",
  "HN": "Honduras",
  "HK": "Hong Kong",
  "HU": "Hungary",
  "IS": "Iceland",
  "IN": "India",
  "ID": "Indonesia",
  "XX": "International",
  "IR": "Iran",
  "IQ": "Iraq",
  "IE": "Ireland",
  "IM": "Isle of Man",
  "IL": "Israel",
  "IT": "Italy",
  "JM": "Jamaica",
  "JP": "Japan",
  "JE": "Jersey",
  "JO": "Jordan",
  "KZ": "Kazakhstan",
  "KE": "Kenya",
  "KR": "Korea, South",
  "KW": "Kuwait",
  "KG": "Kyrgyzstan",
  "LA": "Laos",
  "LV": "Latvia",
  "LB": "Lebanon",
  "LY": "Libya",
  "LI": "Liechtenstein",
  "LT": "Lithuania",
  "LU": "Luxembourg",
  "MG": "Madagascar",
  "MW": "Malawi",
  "MY": "Malaysia",
  "MV": "Maldives",
  "MT": "Malta",
  "MU": "Mauritius",
  "MX": "Mexico",
  "MD": "Moldova",
  "MC": "Monaco",
  "MN": "Mongolia",
  "ME": "Montenegro",
  "MA": "Morocco",
  "MZ": "Mozambique",
  "MM": "Myanmar",
  "NA": "Namibia",
  "NP": "Nepal",
  "NL": "Netherlands",
  "NC": "New Caledonia",
  "NZ": "New Zealand",
  "NI": "Nicaragua",
  "MK": "North Macedonia",
  "NO": "Norway",
  "OM": "Oman",
  "PK": "Pakistan",
  "PS": "Palestine",
  "PA": "Panama",
  "PY": "Paraguay",
  "PE": "Peru",
  "PH": "Philippines",
  "PL": "Poland",
  "PT": "Portugal",
  "PR": "Puerto Rico",
  "QA": "Qatar",
  "RE": "Reunion",
  "RO": "Romania",
  "RU": "Russia",
  "PM": "Saint Pierre and Miquelon",
  "SM": "San Marino",
  "SA": "Saudi Arabia",
  "RS": "Serbia",
  "SG": "Singapore",
  "SK": "Slovakia",
  "SI": "Slovenia",
  "ZA": "South Africa",
  "ES": "Spain",
  "LK": "Sri Lanka",
  "SR": "Suriname",
  "SE": "Sweden",
  "CH": "Switzerland",
  "SY": "Syria",
  "TW": "Taiwan",
  "TJ": "Tajikistan",
  "TH": "Thailand",
  "TT": "Trinidad and Tobago",
  "TN": "Tunisia",
  "TR": "Turkey",
  "TM": "Turkmenistan",
  "UG": "Uganda",
  "UA": "Ukraine",
  "AE": "United Arab Emirates",
  "GB": "United Kingdom",
  "US": "United States",
  "ZZ": "Unknown",
  "UY": "Uruguay",
  "UZ": "Uzbekistan",
  "VE": "Venezuela",
  "VN": "Vietnam",
  "VI": "Virgin Islands (US)",
  "ZW": "Zimbabwe"
}
